id,date,type,distance,moving_time,total_elevation_gain,average_speed,average_heartrate,max_heartrate,average_watts,weighted_average_watts,trainer,gear_id,distance_km,speed_kmh
17597263856,2026-03-04 00:00:00,root='Snowboard',18932.2,3565,1764.9,5.311,,,,,False,,18.9322,19.119600000000002
17589052530,2026-03-03 00:00:00,root='Snowboard',73091.5,14391,6470.5,5.079,,,,,False,,73.0915,18.284399999999998
17577393655,2026-03-02 00:00:00,root='Run',6032.4,1947,146.0,3.098,133.4,166.0,403.4,391.0,False,g25150502,6.0324,11.1528
17576626263,2026-03-02 00:00:00,root='Snowboard',64133.1,14158,5461.0,4.53,,,,,False,,64.1331,16.308
17566638251,2026-03-01 00:00:00,root='Snowboard',82705.0,16583,7039.8,4.987,,,,,False,,82.705,17.953200000000002
17544174899,2026-02-27 00:00:00,root='Run',14639.6,4113,31.0,3.559,148.6,174.0,443.7,438.0,False,g28802476,14.6396,12.8124
17522292826,2026-02-25 00:00:00,root='VirtualRide',57836.0,5459,446.0,10.595,122.9,131.0,236.3,236.0,False,b7688713,57.836,38.142
17509406861,2026-02-24 00:00:00,root='Run',7129.6,2350,9.0,3.034,127.0,140.0,373.1,367.0,False,g25150502,7.1296,10.9224
17481284724,2026-02-22 00:00:00,root='Run',18510.0,5851,117.0,3.164,135.4,144.0,401.2,399.0,False,g25150502,18.51,11.390400000000001
17470873248,2026-02-21 00:00:00,root='Ride',110334.0,12795,201.0,8.623,131.5,154.0,207.7,218.0,False,b17244674,110.334,31.0428
17463211845,2026-02-20 00:00:00,root='Run',10194.3,3128,16.0,3.259,142.4,177.0,401.3,408.0,False,g28802476,10.1943,11.7324
17442413245,2026-02-18 00:00:00,root='Run',7569.3,2161,29.0,3.503,147.2,168.0,443.3,455.0,False,g28802476,7.5693,12.610800000000001
17430070952,2026-02-17 00:00:00,root='VirtualRide',53221.3,5461,392.0,9.746,120.3,134.0,231.9,233.0,False,b7688713,53.2213,35.0856
17403076111,2026-02-15 00:00:00,root='Run',17918.8,5940,59.0,3.017,131.1,153.0,376.9,365.0,False,g25150502,17.9188,10.8612
17396196337,2026-02-14 00:00:00,root='Ride',42261.7,6021,192.0,7.019,121.5,158.0,183.7,214.0,False,b17244674,42.2617,25.2684
17386229872,2026-02-13 00:00:00,root='VirtualRide',52445.4,5449,535.0,9.625,127.8,149.0,242.2,249.0,False,b7688713,52.4454,34.65
17366481986,2026-02-11 00:00:00,root='Run',10490.5,2857,12.0,3.672,150.9,169.0,460.0,470.0,False,g28802476,10.4905,13.2192
17352998459,2026-02-10 00:00:00,root='VirtualRide',38559.6,4864,703.0,7.928,124.6,147.0,235.6,256.0,False,b7688713,38.559599999999996,28.5408
17341834366,2026-02-09 00:00:00,root='Run',7084.2,2368,13.0,2.992,124.0,133.0,370.9,360.0,False,g25150502,7.0842,10.7712
17332573156,2026-02-08 00:00:00,root='Ride',7823.4,1293,13.0,6.051,116.1,125.0,105.2,106.0,False,b7688713,7.8233999999999995,21.7836
17329923924,2026-02-08 00:00:00,root='Ride',49683.4,6748,133.0,7.363,,,232.5,257.0,False,b17244674,49.6834,26.506800000000002
17324761422,2026-02-07 00:00:00,root='WeightTraining',,904,,,80.0,104.0,,,True,,,
17318832362,2026-02-07 00:00:00,root='IceSkate',,4215,,,102.5,130.0,,,True,,,
17318832390,2026-02-06 00:00:00,root='Run',8078.5,2582,5.0,3.129,132.8,144.0,379.7,377.0,False,g25150502,8.0785,11.2644
17299364425,2026-02-05 00:00:00,root='VirtualRide',41142.2,4238,337.0,9.708,123.7,139.0,231.9,234.0,False,b7688713,41.142199999999995,34.9488
17286742687,2026-02-04 00:00:00,root='Run',11521.4,3315,10.0,3.476,144.6,175.0,436.0,431.0,False,g28802476,11.5214,12.5136
17274859228,2026-02-03 00:00:00,root='VirtualRide',40320.3,3868,233.0,10.424,120.6,129.0,230.2,230.0,False,b7688713,40.3203,37.5264
17272642279,2026-02-03 00:00:00,root='WeightTraining',,783,,,95.4,122.0,,,True,,,
17263410453,2026-02-02 00:00:00,root='Run',7698.4,2375,14.0,3.241,131.9,148.0,404.0,400.0,False,g25150502,7.6983999999999995,11.6676
17247570453,2026-02-01 00:00:00,root='Ride',47975.1,5433,47.0,8.83,154.6,172.0,266.5,282.0,False,b17244674,47.9751,31.788
17246064495,2026-02-01 00:00:00,root='Ride',8489.7,1348,16.0,6.298,137.2,166.0,227.9,252.0,False,b17244674,8.489700000000001,22.672800000000002
17237635393,2026-01-31 00:00:00,root='Ride',47982.2,6044,54.0,7.939,118.7,135.0,172.8,176.0,False,b17244674,47.9822,28.5804
17229538723,2026-01-30 00:00:00,root='Run',11689.9,3661,27.0,3.193,133.3,148.0,401.7,381.0,False,g25150502,11.6899,11.4948
17209528883,2026-01-28 00:00:00,root='VirtualRide',40211.0,4354,361.0,9.235,124.9,156.0,232.3,248.0,False,b7688713,40.211,33.246
17196139458,2026-01-27 00:00:00,root='Run',8791.7,2777,10.0,3.166,134.6,167.0,382.5,383.0,False,g28802476,8.7917,11.3976
17168596903,2026-01-25 00:00:00,root='Run',8336.7,2703,23.0,3.084,130.4,147.0,386.9,378.0,False,g25150502,8.3367,11.102400000000001
17158467090,2026-01-24 00:00:00,root='VirtualRide',65480.1,6627,425.0,9.881,135.4,166.0,244.4,267.0,False,b7688713,65.4801,35.571600000000004
17151868473,2026-01-23 00:00:00,root='VirtualRide',40309.7,3972,161.0,10.148,127.4,166.0,228.5,256.0,False,b7688713,40.3097,36.5328
17130769995,2026-01-21 00:00:00,root='VirtualRide',46317.6,4559,294.0,10.16,124.9,143.0,235.7,238.0,False,b7688713,46.3176,36.576
17117248223,2026-01-20 00:00:00,root='Run',11503.5,3339,20.0,3.445,144.0,159.0,424.4,421.0,False,g28802476,11.5035,12.402
17090258998,2026-01-18 00:00:00,root='Ride',52696.4,5932,68.0,8.883,156.9,177.0,265.4,276.0,False,b17244674,52.696400000000004,31.978799999999996
17088825904,2026-01-18 00:00:00,root='Ride',8119.7,1260,24.0,6.444,129.4,164.0,190.4,211.0,False,b17244674,8.1197,23.1984
17079165970,2026-01-17 00:00:00,root='Ride',40089.5,4093,1.0,9.795,155.2,179.0,260.4,278.0,False,b17244674,40.0895,35.262
17078105703,2026-01-17 00:00:00,root='Ride',4476.2,648,15.0,6.908,137.2,164.0,223.4,252.0,False,b17244674,4.4761999999999995,24.8688
17062808450,2026-01-15 00:00:00,root='VirtualRide',27299.2,2740,113.0,9.963,123.3,139.0,229.5,234.0,False,b7688713,27.2992,35.8668
17051465836,2026-01-14 00:00:00,root='VirtualRide',33125.0,3626,335.0,9.135,122.9,153.0,233.1,252.0,False,b7688713,33.125,32.886
17037255230,2026-01-13 00:00:00,root='Run',7041.3,2231,26.0,3.156,132.0,154.0,389.8,384.0,False,g25150502,7.041300000000001,11.361600000000001
17012352278,2026-01-11 00:00:00,root='VirtualRide',101510.0,10132,572.0,10.019,130.7,145.0,226.9,229.0,False,b7688713,101.51,36.068400000000004
16990830044,2026-01-09 00:00:00,root='Snowboard',38784.6,8873,3496.7,4.371,,,,,False,,38.7846,15.735600000000002
16980911858,2026-01-08 00:00:00,root='Run',7007.8,2291,119.0,3.059,147.6,170.0,392.4,397.0,False,g25150502,7.0078000000000005,11.012400000000001
16979776577,2026-01-08 00:00:00,root='Snowboard',30315.1,6629,3296.8,4.573,,,,,False,,30.315099999999997,16.4628
16969232975,2026-01-07 00:00:00,root='Snowboard',85479.3,15386,7482.7,5.556,,,,,False,,85.47930000000001,20.0016
16958523584,2026-01-06 00:00:00,root='Swim',1325.0,1504,,0.881,131.1,162.0,,,True,,1.325,3.1716
16956358966,2026-01-06 00:00:00,root='Snowboard',49282.4,9017,4620.1,5.465,,,,,False,,49.2824,19.674
16945447103,2026-01-05 00:00:00,root='Snowboard',49734.1,9414,4574.2,5.283,,,,,False,,49.7341,19.018800000000002
16937303411,2026-01-04 00:00:00,root='Run',6174.7,2216,106.0,2.786,130.9,167.0,358.7,371.0,False,g25150502,6.1747,10.0296
16924712797,2026-01-03 00:00:00,root='Run',8080.6,2857,128.0,2.828,130.7,153.0,365.0,355.0,False,g25150502,8.0806,10.1808
16905127186,2026-01-01 00:00:00,root='VirtualRide',40291.2,3649,161.0,11.042,124.9,137.0,237.7,237.0,False,b7688713,40.291199999999996,39.7512
16887790798,2025-12-30 00:00:00,root='VirtualRide',36055.9,3671,250.0,9.822,121.7,141.0,241.5,250.0,False,b7688713,36.0559,35.3592
16875706357,2025-12-29 00:00:00,root='VirtualRide',56266.2,5483,331.0,10.262,129.2,155.0,248.8,266.0,False,b7688713,56.2662,36.943200000000004
16863199083,2025-12-28 00:00:00,root='Ride',33042.5,4238,87.0,7.797,122.3,149.0,214.3,226.0,False,b17244674,33.0425,28.0692
16856971223,2025-12-27 00:00:00,root='VirtualRide',62515.4,5615,251.0,11.134,127.8,143.0,240.2,241.0,False,b7688713,62.5154,40.0824
16834833172,2025-12-25 00:00:00,root='Run',8147.1,2467,22.0,3.302,136.1,158.0,423.4,426.0,False,g25150502,8.1471,11.8872
16823461589,2025-12-23 00:00:00,root='VirtualRide',53448.0,5103,326.0,10.474,120.3,136.0,213.3,214.0,False,b7688713,53.448,37.7064
16812039900,2025-12-22 00:00:00,root='Run',5834.4,1851,13.0,3.152,130.5,140.0,393.8,386.0,False,g25150502,5.8344,11.3472
16779289382,2025-12-18 00:00:00,root='VirtualRide',35166.6,3161,330.0,11.125,150.3,169.0,300.0,311.0,False,b7688713,35.166599999999995,40.050000000000004
16769767510,2025-12-17 00:00:00,root='Run',6598.1,1968,15.0,3.353,136.5,157.0,422.8,417.0,False,g25150502,6.5981000000000005,12.0708
16752166144,2025-12-15 00:00:00,root='VirtualRide',37384.9,4239,604.0,8.819,122.0,142.0,229.8,235.0,False,b7688713,37.3849,31.748400000000004
16740089013,2025-12-14 00:00:00,root='Run',12500.6,4152,64.0,3.011,128.7,141.0,381.2,365.0,False,g25150502,12.5006,10.8396
16730937440,2025-12-13 00:00:00,root='Ride',62201.4,7449,113.0,8.35,126.3,148.0,241.9,245.0,False,b12356755,62.2014,30.06
16716242153,2025-12-11 00:00:00,root='VirtualRide',35263.2,3947,292.0,8.934,131.4,153.0,249.3,266.0,False,b7688713,35.2632,32.1624
16706229978,2025-12-10 00:00:00,root='Run',8381.8,2426,16.0,3.455,141.5,160.0,431.7,441.0,False,g25150502,8.3818,12.438
16696533811,2025-12-09 00:00:00,root='VirtualRide',45530.3,4548,233.0,10.011,126.8,145.0,242.2,250.0,False,b7688713,45.530300000000004,36.0396
16677981909,2025-12-07 00:00:00,root='VirtualRide',73134.6,7337,462.0,9.968,122.1,134.0,230.9,234.0,False,b7688713,73.1346,35.8848
16665850768,2025-12-06 00:00:00,root='Run',10053.6,2977,26.0,3.377,138.4,175.0,410.6,408.0,False,g27578635,10.053600000000001,12.1572
16651424501,2025-12-04 00:00:00,root='VirtualRide',37254.6,3636,168.0,10.246,134.9,159.0,260.5,283.0,False,b7688713,37.254599999999996,36.885600000000004
16642461819,2025-12-03 00:00:00,root='VirtualRide',32298.9,3654,406.0,8.839,120.2,132.0,234.5,237.0,False,b7688713,32.2989,31.820400000000003
16631178026,2025-12-02 00:00:00,root='Run',12241.7,3659,33.0,3.346,145.9,171.0,418.0,419.0,False,g19996876,12.241700000000002,12.0456
16611374628,2025-11-30 00:00:00,root='Ride',42656.3,5606,126.0,7.609,,,208.3,225.0,False,b12356755,42.6563,27.392400000000002
16602351050,2025-11-29 00:00:00,root='VirtualRide',42153.9,4215,242.0,10.001,129.0,146.0,244.7,254.0,False,b7688713,42.1539,36.0036
16593147805,2025-11-28 00:00:00,root='VirtualRide',36584.4,3952,463.0,9.257,117.0,135.0,218.6,225.0,False,b7688713,36.5844,33.3252
16585159259,2025-11-27 00:00:00,root='Run',10022.8,3164,23.0,3.168,135.3,147.0,397.7,390.0,False,g25150502,10.0228,11.404800000000002
16564037697,2025-11-25 00:00:00,root='VirtualRide',33355.9,3058,123.0,10.908,141.4,179.0,265.0,292.0,False,b7688713,33.3559,39.2688
16541529713,2025-11-23 00:00:00,root='Ride',8725.3,1212,42.0,7.199,,,206.9,218.0,False,b12356755,8.725299999999999,25.9164
16540986609,2025-11-23 00:00:00,root='Ride',42007.3,5231,159.0,8.03,,,296.0,315.0,False,b12356755,42.0073,28.907999999999998
16540248956,2025-11-23 00:00:00,root='Ride',6049.6,972,25.0,6.224,,,247.2,261.0,False,b12356755,6.049600000000001,22.4064
16532455288,2025-11-22 00:00:00,root='VirtualRide',34405.1,3956,589.0,8.697,118.8,129.0,211.7,216.0,False,b7688713,34.4051,31.309199999999997
16526319841,2025-11-21 00:00:00,root='Run',7680.4,2401,18.0,3.199,136.1,150.0,392.9,387.0,False,g25150502,7.6804,11.516399999999999
16507627766,2025-11-19 00:00:00,root='VirtualRide',47286.4,4849,427.0,9.752,128.9,155.0,242.7,256.0,False,b7688713,47.2864,35.107200000000006
16497501999,2025-11-18 00:00:00,root='Run',10087.2,3202,15.0,3.15,131.1,147.0,384.4,387.0,False,g19996876,10.087200000000001,11.34
16474280923,2025-11-16 00:00:00,root='Ride',88434.1,10406,211.0,8.498,134.4,159.0,250.8,256.0,False,b12356755,88.4341,30.592799999999997
16466721509,2025-11-15 00:00:00,root='VirtualRide',21412.4,2430,210.0,8.812,119.8,132.0,228.3,232.0,False,b7688713,21.4124,31.7232
16459285485,2025-11-14 00:00:00,root='Run',6109.7,2013,7.0,3.035,128.2,139.0,367.2,356.0,False,g25150502,6.1097,10.926
16449466467,2025-11-13 00:00:00,root='VirtualRide',32118.2,3652,273.0,8.795,141.8,174.0,262.6,293.0,False,b7688713,32.1182,31.662
16428892773,2025-11-11 00:00:00,root='VirtualRide',33776.7,3625,314.0,9.318,129.4,151.0,242.9,251.0,False,b7688713,33.7767,33.5448
16416642450,2025-11-10 00:00:00,root='Run',6015.1,1934,9.0,3.11,129.0,142.0,390.3,383.0,False,g25150502,6.0151,11.196
16404083036,2025-11-09 00:00:00,root='Ride',52040.3,6551,122.0,7.944,113.5,130.0,172.5,179.0,False,b7688713,52.0403,28.5984
16404082867,2025-11-08 00:00:00,root='Ride',7737.8,1189,2.0,6.508,116.3,126.0,147.0,149.0,False,b12356755,7.7378,23.4288
16393897277,2025-11-08 00:00:00,root='Ride',51545.5,6027,94.0,8.552,162.6,180.0,299.0,310.0,False,b12356755,51.5455,30.7872
16404082882,2025-11-08 00:00:00,root='Ride',19209.4,2398,76.0,8.011,130.4,154.0,223.0,220.0,False,b12356755,19.209400000000002,28.839599999999997
16376573959,2025-11-06 00:00:00,root='Ride',49433.4,5493,30.0,8.999,121.7,133.0,212.1,213.0,False,b7688713,49.4334,32.3964
16370918914,2025-11-06 00:00:00,root='Ride',48197.7,5543,41.0,8.695,133.9,143.0,213.3,215.0,False,b7688713,48.1977,31.302000000000003
16366153807,2025-11-05 00:00:00,root='Run',8244.5,2427,20.0,3.397,149.3,179.0,429.0,439.0,False,g19996876,8.2445,12.229199999999999
16345175564,2025-11-03 00:00:00,root='VirtualRide',45250.0,4282,172.0,10.567,123.9,169.0,223.1,243.0,False,b7688713,45.25,38.0412
16330794595,2025-11-02 00:00:00,root='Ride',92005.3,10592,197.0,8.686,122.5,143.0,194.4,203.0,False,b7688713,92.0053,31.2696
16324047837,2025-11-01 00:00:00,root='Run',14196.4,4811,94.0,2.951,136.6,154.0,375.4,367.0,False,g25150502,14.196399999999999,10.6236
16261428659,2025-10-26 00:00:00,root='VirtualRide',78353.9,8114,1046.0,9.657,137.8,155.0,267.1,271.0,False,b7688713,78.3539,34.7652
16254414531,2025-10-25 00:00:00,root='Run',8891.4,2927,17.0,3.038,130.1,152.0,372.0,359.0,False,g25150502,8.891399999999999,10.9368
16250723167,2025-10-25 00:00:00,root='VirtualRide',50558.9,5299,384.0,9.541,120.7,133.0,229.3,226.0,False,b7688713,50.5589,34.3476
16242729607,2025-10-24 00:00:00,root='Ride',40177.8,5732,138.0,7.009,137.0,166.0,256.9,259.0,False,b12356755,40.177800000000005,25.232400000000002
16225423063,2025-10-22 00:00:00,root='VirtualRide',38018.7,3774,195.0,10.074,129.1,143.0,248.9,257.0,False,b7688713,38.018699999999995,36.2664
16214702649,2025-10-21 00:00:00,root='Run',8157.1,2600,14.0,3.137,135.7,146.0,388.6,388.0,False,g25150502,8.1571,11.2932
16189479003,2025-10-19 00:00:00,root='Ride',44515.9,5829,91.0,7.637,160.0,177.0,272.0,298.0,False,b12356755,44.5159,27.493199999999998
16172931973,2025-10-17 00:00:00,root='VirtualRide',40359.2,3789,195.0,10.652,118.0,127.0,218.6,220.0,False,b7688713,40.359199999999994,38.3472
16151110352,2025-10-15 00:00:00,root='Ride',42526.0,5845,65.0,7.276,137.5,161.0,268.1,274.0,False,b12356755,42.526,26.1936
16139881482,2025-10-14 00:00:00,root='Run',7772.0,2441,5.0,3.184,134.7,161.0,394.2,394.0,False,g19996876,7.772,11.4624
16130698698,2025-10-13 00:00:00,root='VirtualRide',30643.6,3752,522.0,8.167,127.1,156.0,242.1,256.0,False,b7688713,30.6436,29.4012
16120160256,2025-10-12 00:00:00,root='Sail',7000.4,3912,3.4,1.789,76.0,110.0,,,False,,7.0004,6.4403999999999995
16113318727,2025-10-12 00:00:00,root='Run',5552.8,1807,14.0,3.073,132.4,144.0,377.5,375.0,False,g19996876,5.5528,11.0628
16104731622,2025-10-11 00:00:00,root='Sail',6799.6,4197,10.8,1.62,76.1,114.0,,,False,,6.799600000000001,5.832000000000001
16087727760,2025-10-09 00:00:00,root='Ride',50995.7,5856,30.0,8.708,125.3,154.0,224.8,239.0,False,b7688713,50.9957,31.3488
16082188954,2025-10-09 00:00:00,root='Ride',46547.2,4937,36.0,9.428,131.6,162.0,218.3,222.0,False,b7688713,46.5472,33.9408
16065232667,2025-10-07 00:00:00,root='Run',8282.6,2611,9.0,3.172,138.8,164.0,388.4,384.0,False,g19996925,8.2826,11.4192
16039806269,2025-10-05 00:00:00,root='VirtualRide',52293.6,5430,466.0,9.63,127.7,159.0,234.6,253.0,False,b7688713,52.2936,34.668000000000006
16033095185,2025-10-04 00:00:00,root='VirtualRide',41015.0,3861,199.0,10.623,121.8,133.0,229.6,231.0,False,b7688713,41.015,38.242799999999995
16022057186,2025-10-03 00:00:00,root='Run',7470.5,2142,19.0,3.488,150.1,175.0,429.3,437.0,False,g19996876,7.4705,12.5568
16000994625,2025-10-01 00:00:00,root='Ride',49217.8,5260,29.0,9.357,134.3,168.0,233.3,246.0,False,b7688713,49.217800000000004,33.6852
15995047744,2025-10-01 00:00:00,root='Ride',48481.3,5676,45.0,8.541,126.9,138.0,214.0,211.0,False,b7688713,48.481300000000005,30.747600000000002
15977629750,2025-09-29 00:00:00,root='Run',8155.5,2599,2.0,3.138,133.0,146.0,385.2,382.0,False,g25150502,8.1555,11.2968
15962831619,2025-09-28 00:00:00,root='Ride',86971.4,9985,125.0,8.71,126.4,146.0,199.2,202.0,False,b7688713,86.97139999999999,31.356000000000005
15944739018,2025-09-26 00:00:00,root='Run',8718.5,2625,8.0,3.321,140.5,159.0,406.2,398.0,False,g19996876,8.7185,11.9556
15924083091,2025-09-24 00:00:00,root='Ride',35285.9,4162,69.0,8.478,116.4,132.0,200.6,203.0,False,b7688713,35.2859,30.5208
15912311625,2025-09-23 00:00:00,root='Ride',50039.8,5430,100.0,9.215,130.8,164.0,236.1,250.0,False,b7688713,50.0398,33.174
15900881540,2025-09-22 00:00:00,root='Run',7663.8,2401,8.0,3.192,134.9,148.0,398.1,390.0,False,g25150502,7.6638,11.491200000000001
15874344551,2025-09-20 00:00:00,root='Ride',100071.0,10943,180.0,9.145,134.6,155.0,228.3,231.0,False,b7688713,100.071,32.922
15872227257,2025-09-19 00:00:00,root='Ride',37017.0,4591,150.0,8.063,136.5,167.0,225.9,235.0,False,b12356755,37.017,29.0268
15856775590,2025-09-18 00:00:00,root='Ride',33037.0,3693,78.0,8.946,129.2,154.0,210.4,220.0,False,b7688713,33.037,32.2056
15797016814,2025-09-13 00:00:00,root='Ride',150290.0,24840,4551.0,6.05,142.0,167.0,227.8,256.0,False,b7688713,150.29,21.78
15782951228,2025-09-12 00:00:00,root='Ride',30822.3,4493,650.0,6.86,138.3,162.0,213.5,243.0,False,b7688713,30.8223,24.696
15738974406,2025-09-08 00:00:00,root='Ride',34246.4,4064,282.0,8.427,128.3,164.0,214.3,261.0,False,b7688713,34.2464,30.3372
15729857556,2025-09-07 00:00:00,root='Ride',109217.0,13757,1945.0,7.939,129.5,167.0,215.1,254.0,False,b7688713,109.217,28.5804
15717890287,2025-09-06 00:00:00,root='Ride',123134.0,15567,2304.0,7.91,137.9,179.0,223.3,264.0,False,b7688713,123.134,28.476000000000003
15706998373,2025-09-05 00:00:00,root='Ride',44132.4,5031,467.0,8.772,131.5,177.0,221.5,264.0,False,b7688713,44.132400000000004,31.5792
15685519937,2025-09-03 00:00:00,root='Run',6053.4,1875,30.0,3.228,135.7,163.0,396.0,375.0,False,g19996876,6.0534,11.620800000000001
15669452341,2025-09-02 00:00:00,root='VirtualRide',26509.0,2799,345.0,9.471,147.5,178.0,271.4,314.0,False,b7688713,26.509,34.095600000000005
15657686589,2025-09-01 00:00:00,root='Run',1678.9,456,6.0,3.682,,,,,False,g25150502,1.6789,13.2552
15626588321,2025-08-29 00:00:00,root='Ride',85620.2,11998,1660.0,7.136,134.7,183.0,210.2,249.0,False,b7688713,85.6202,25.689600000000002
15617931226,2025-08-28 00:00:00,root='Hike',7615.7,6880,323.0,1.107,,,,,False,,7.6156999999999995,3.9852
15617925547,2025-08-27 00:00:00,root='Hike',8013.6,6557,259.0,1.222,,,,,False,,8.0136,4.3992
15593859896,2025-08-26 00:00:00,root='Ride',38178.4,6269,765.0,6.09,118.1,148.0,171.0,205.0,False,b7688713,38.1784,21.924
15582454388,2025-08-25 00:00:00,root='Hike',20057.5,17173,931.0,1.168,,,,,False,,20.0575,4.2048
15570741253,2025-08-24 00:00:00,root='Ride',80266.5,12332,1693.0,6.509,128.9,177.0,193.2,234.0,False,b7688713,80.2665,23.4324
15538231309,2025-08-21 00:00:00,root='Ride',49133.0,4910,34.0,10.007,130.4,148.0,241.7,242.0,False,b7688713,49.133,36.0252
15532405676,2025-08-21 00:00:00,root='Ride',48159.5,5440,36.0,8.853,132.8,142.0,218.1,219.0,False,b7688713,48.1595,31.8708
15516613714,2025-08-19 00:00:00,root='Ride',80392.4,7320,47.0,10.983,145.9,176.0,252.5,266.0,False,b7688713,80.3924,39.5388
15486900372,2025-08-17 00:00:00,root='Ride',100567.0,11376,244.0,8.84,130.6,173.0,223.9,244.0,False,b7688713,100.567,31.824
15478500722,2025-08-16 00:00:00,root='Ride',76303.4,8775,19.0,8.696,122.9,139.0,200.8,198.0,False,b7688713,76.3034,31.3056
15468811793,2025-08-15 00:00:00,root='Run',1878.6,569,,3.302,,,,,False,g19996925,1.8785999999999998,11.8872
15458511983,2025-08-14 00:00:00,root='Ride',49036.0,5376,44.0,9.121,126.0,143.0,215.9,216.0,False,b16138567,49.036,32.8356
15452632997,2025-08-14 00:00:00,root='Ride',48065.6,5169,41.0,9.299,127.6,136.0,210.9,213.0,False,b16138567,48.065599999999996,33.4764
15436524734,2025-08-12 00:00:00,root='Ride',61263.7,5799,22.0,10.565,144.7,181.0,226.0,241.0,False,b7688713,61.2637,38.034
15425449515,2025-08-11 00:00:00,root='Swim',810.4,1020,4.0,0.795,,,,,False,,0.8104,2.862
15408473651,2025-08-10 00:00:00,root='Ride',87283.5,9981,76.0,8.745,125.1,141.0,204.3,207.0,False,b7688713,87.2835,31.482
15396953331,2025-08-09 00:00:00,root='Ride',73383.0,7247,121.0,10.126,140.3,167.0,236.8,247.0,False,b16138567,73.383,36.4536
15379983825,2025-08-07 00:00:00,root='Ride',52964.2,5412,64.0,9.786,131.8,171.0,217.9,236.0,False,b16138567,52.9642,35.2296
15343450030,2025-08-04 00:00:00,root='Run',7692.8,2351,4.4,3.272,,,,,False,g25150502,7.6928,11.7792
15328791532,2025-08-03 00:00:00,root='Ride',148986.0,15949,141.0,9.341,143.1,179.0,222.6,234.0,False,b7688713,148.986,33.6276
15314958557,2025-07-31 00:00:00,root='Swim',1030.7,1281,,0.805,,,,,False,,1.0307,2.898
15260694780,2025-07-28 00:00:00,root='Run',9350.8,3233,172.0,2.892,126.6,160.0,364.8,350.0,False,g25150502,9.3508,10.4112
15260691626,2025-07-27 00:00:00,root='Run',4461.6,1602,73.0,2.785,123.4,144.0,370.5,346.0,False,g19996925,4.461600000000001,10.026000000000002
15223212350,2025-07-24 00:00:00,root='Ride',52981.9,5626,29.0,9.417,137.6,167.0,234.9,247.0,False,b7688713,52.9819,33.9012
15217499191,2025-07-24 00:00:00,root='Ride',48709.6,5164,28.0,9.433,125.1,137.0,210.8,211.0,False,b7688713,48.7096,33.958800000000004
15200403098,2025-07-22 00:00:00,root='Run',10261.7,3301,68.0,3.109,130.8,141.0,400.1,387.0,False,g19996925,10.261700000000001,11.192400000000001
15173468337,2025-07-20 00:00:00,root='Ride',75066.5,8107,129.0,9.259,131.3,155.0,227.4,231.0,False,b7688713,75.0665,33.3324
15164421107,2025-07-19 00:00:00,root='Ride',114079.0,12340,104.0,9.245,133.6,156.0,218.6,218.0,False,b7688713,114.079,33.282
15099489387,2025-07-13 00:00:00,root='Run',21532.8,6828,161.0,3.154,163.5,173.0,389.8,405.0,False,g19996876,21.532799999999998,11.3544
15162102055,2025-07-13 00:00:00,root='Ride',88833.2,8741,659.0,10.163,,,240.8,248.0,False,b7688713,88.83319999999999,36.586800000000004
15099489293,2025-07-13 00:00:00,root='Ride',90355.0,8924,766.0,10.125,152.8,164.0,278.3,,False,b16138567,90.355,36.45
15099489272,2025-07-13 00:00:00,root='Swim',1898.5,1988,4.9,0.955,118.2,134.0,,,False,,1.8985,3.4379999999999997
15086156249,2025-07-12 00:00:00,root='Ride',24516.8,2691,84.0,9.111,120.5,148.0,175.7,197.0,False,b16138567,24.5168,32.799600000000005
15081660447,2025-07-11 00:00:00,root='Swim',1010.6,1129,3.0,0.895,133.5,149.0,,,False,,1.0106,3.222
15059352914,2025-07-09 00:00:00,root='Ride',50511.4,5704,27.0,8.855,121.3,143.0,221.4,220.0,False,b7688713,50.5114,31.878000000000004
15053744377,2025-07-09 00:00:00,root='Ride',49623.6,5523,33.0,8.985,122.3,133.0,213.6,213.0,False,b7688713,49.623599999999996,32.346
15048281114,2025-07-08 00:00:00,root='Run',7036.1,2320,68.0,3.033,122.7,131.0,390.8,384.0,False,g19996925,7.0361,10.9188
15036701100,2025-07-07 00:00:00,root='Swim',2036.4,2463,,0.827,129.6,154.0,,,False,,2.0364,2.9772
15023939382,2025-07-06 00:00:00,root='Run',12810.4,3602,34.0,3.556,158.6,165.0,449.4,449.0,False,g19996876,12.8104,12.8016
15023122885,2025-07-06 00:00:00,root='VirtualRide',74258.7,7240,413.0,10.257,147.9,158.0,255.3,256.0,False,b16138567,74.25869999999999,36.9252
15006760647,2025-07-04 00:00:00,root='Run',8045.3,2645,55.0,3.042,129.7,141.0,388.3,385.0,False,g19996925,8.045300000000001,10.9512
14998124229,2025-07-03 00:00:00,root='Ride',34948.4,3557,41.0,9.825,126.6,159.0,219.6,235.0,False,b16138567,34.9484,35.37
14974131050,2025-07-01 00:00:00,root='Swim',531.2,697,,0.762,117.0,132.0,,,False,,0.5312,2.7432000000000003
14971228884,2025-07-01 00:00:00,root='Ride',56338.2,6643,36.0,8.481,114.8,126.0,193.0,192.0,False,b7688713,56.3382,30.5316
14963940952,2025-06-30 00:00:00,root='Run',9304.5,2611,98.0,3.564,147.2,171.0,452.8,464.0,False,g19996876,9.3045,12.830400000000001
14959465241,2025-06-30 00:00:00,root='Swim',1406.6,1620,,0.868,124.6,145.0,,,False,,1.4065999999999999,3.1248
14954529301,2025-06-29 00:00:00,root='Sail',9539.8,3800,2.6,2.51,76.2,109.0,,,False,,9.5398,9.036
14951978447,2025-06-29 00:00:00,root='Ride',84320.2,9794,49.0,8.609,119.0,132.0,199.2,198.0,False,b7688713,84.3202,30.9924
14940293867,2025-06-28 00:00:00,root='Ride',55570.1,6231,129.0,8.918,127.2,154.0,218.7,230.0,False,b7688713,55.5701,32.1048
14924303416,2025-06-26 00:00:00,root='Run',10019.1,2836,84.0,3.533,144.8,168.0,451.4,460.0,False,g19996876,10.0191,12.7188
14914158520,2025-06-25 00:00:00,root='Ride',74100.3,7716,39.0,9.603,125.7,137.0,217.7,215.0,False,b16138567,74.1003,34.5708
14908332750,2025-06-25 00:00:00,root='Ride',48147.6,4749,37.0,10.138,127.0,136.0,204.7,204.0,False,b16138567,48.1476,36.4968
14892487219,2025-06-23 00:00:00,root='Run',6827.0,2192,76.0,3.115,130.4,142.0,406.5,398.0,False,g19996925,6.827,11.214
14889033122,2025-06-23 00:00:00,root='Swim',1800.0,1955,,0.921,126.8,146.0,,,True,,1.8,3.3156000000000003
14883210489,2025-06-22 00:00:00,root='Run',16055.3,5137,162.0,3.125,136.1,150.0,392.2,393.0,False,g19996925,16.0553,11.25
14869069641,2025-06-21 00:00:00,root='Ride',123740.0,13873,89.0,8.919,127.1,145.0,204.4,207.0,False,b7688713,123.74,32.1084
14852206664,2025-06-19 00:00:00,root='Ride',49244.5,4683,266.0,10.516,130.9,142.0,32.9,96.0,False,b16138567,49.2445,37.8576
14846246068,2025-06-19 00:00:00,root='Ride',48106.6,5103,30.0,9.427,127.8,143.0,214.8,216.0,False,b16138567,48.1066,33.9372
14841743571,2025-06-18 00:00:00,root='Run',10194.2,3225,76.0,3.161,134.4,147.0,392.8,377.0,False,g19996925,10.1942,11.3796
14827233218,2025-06-17 00:00:00,root='Swim',2025.0,2154,,0.94,133.1,150.0,,,True,,2.025,3.384
14819605305,2025-06-16 00:00:00,root='Ride',46232.5,4583,38.0,10.088,,,238.9,243.0,False,b16138567,46.2325,36.3168
14809304436,2025-06-15 00:00:00,root='Ride',51051.9,5248,67.0,9.728,,,221.6,223.0,False,b16138567,51.0519,35.0208
14795672230,2025-06-14 00:00:00,root='Ride',90998.2,10487,653.0,8.677,132.8,160.0,195.4,222.0,False,b16138567,90.9982,31.237199999999998
14778469391,2025-06-12 00:00:00,root='Run',6807.3,2014,34.0,3.38,142.2,159.0,426.5,427.0,False,g19996876,6.807300000000001,12.168
14769321282,2025-06-11 00:00:00,root='Ride',31308.4,3827,78.0,8.181,114.3,134.0,154.4,168.0,False,b16138567,31.308400000000002,29.4516
14764363517,2025-06-11 00:00:00,root='Swim',1725.0,1842,,0.936,128.0,153.0,,,True,,1.725,3.3696
14757256273,2025-06-10 00:00:00,root='Run',7754.4,2458,90.0,3.155,130.2,143.0,399.5,390.0,False,g19996925,7.7543999999999995,11.357999999999999
14745954701,2025-06-09 00:00:00,root='Ride',46060.3,5011,56.0,9.192,130.4,160.0,230.0,262.0,False,b7688713,46.060300000000005,33.0912
14720445683,2025-06-07 00:00:00,root='VirtualRide',34111.3,3812,373.0,8.948,124.9,141.0,226.3,230.0,False,b7688713,34.1113,32.2128
14716376143,2025-06-06 00:00:00,root='Run',10036.3,2883,98.0,3.481,147.4,165.0,448.6,451.0,False,g19996876,10.036299999999999,12.5316
14696746079,2025-06-04 00:00:00,root='Ride',15212.6,1820,10.0,8.359,120.2,132.0,234.3,220.0,False,b7688713,15.2126,30.0924
14695936757,2025-06-04 00:00:00,root='Ride',13875.4,1573,5.0,8.821,126.8,137.0,241.7,244.0,False,b7688713,13.875399999999999,31.7556
14690812824,2025-06-04 00:00:00,root='Ride',47856.8,5078,33.0,9.424,128.3,138.0,217.4,214.0,False,b7688713,47.8568,33.9264
14681433493,2025-06-03 00:00:00,root='Swim',2000.0,2162,,0.925,134.6,159.0,,,True,,2.0,3.33
14665265277,2025-06-01 00:00:00,root='Run',8861.1,2887,143.0,3.069,133.2,142.0,423.2,425.0,False,g19996925,8.8611,11.0484
14660155209,2025-06-01 00:00:00,root='Swim',1006.0,1116,3.4,0.901,132.1,154.0,,,False,,1.006,3.2436000000000003
14652028223,2025-05-31 00:00:00,root='Ride',123446.0,14529,74.0,8.497,126.7,173.0,196.1,226.0,False,b7688713,123.446,30.5892
14643487322,2025-05-30 00:00:00,root='Ride',42994.6,5146,36.0,8.355,110.6,123.0,182.4,184.0,False,b7688713,42.9946,30.078000000000003
14630336843,2025-05-29 00:00:00,root='Swim',1307.3,1588,,0.823,134.8,146.0,,,False,,1.3073,2.9628
14613449880,2025-05-27 00:00:00,root='Run',8046.1,2556,27.0,3.148,136.8,146.0,375.8,365.0,False,g19996925,8.046100000000001,11.3328
14611702882,2025-05-27 00:00:00,root='VirtualRide',40821.2,3740,164.0,10.915,109.5,130.0,216.7,217.0,False,b7688713,40.8212,39.294
14589012374,2025-05-25 00:00:00,root='VirtualRide',106772.0,11279,943.0,9.466,138.6,182.0,236.9,256.0,False,b7688713,106.772,34.0776
14578508319,2025-05-24 00:00:00,root='Swim',1575.0,1711,,0.921,127.3,156.0,,,True,,1.575,3.3156000000000003
14572523896,2025-05-23 00:00:00,root='Ride',33639.9,3796,78.0,8.862,121.4,133.0,219.5,220.0,False,b7688713,33.639900000000004,31.903200000000002
14553020891,2025-05-21 00:00:00,root='Run',9386.2,2927,75.0,3.207,135.9,144.0,412.0,414.0,False,g19996925,9.3862,11.5452
14542021879,2025-05-20 00:00:00,root='Ride',50013.2,5603,62.0,8.926,129.6,172.0,210.8,257.0,False,b7688713,50.0132,32.1336
14517117240,2025-05-18 00:00:00,root='Run',10203.1,2645,10.0,3.85,164.0,180.0,469.5,475.0,False,g19996876,10.203100000000001,13.860000000000001
14518554156,2025-05-18 00:00:00,root='Ride',42219.6,4045,62.0,10.437,,,238.3,240.0,False,b16138567,42.2196,37.5732
14517117131,2025-05-18 00:00:00,root='Swim',944.7,1082,,0.873,147.1,157.0,,,False,,0.9447000000000001,3.1428000000000003
14509533993,2025-05-17 00:00:00,root='Ride',40088.7,4470,84.0,8.968,,,176.9,179.0,False,b16138567,40.088699999999996,32.284800000000004
14495196539,2025-05-16 00:00:00,root='Swim',1275.0,1395,,0.914,133.0,149.0,,,True,,1.275,3.2904
14479993948,2025-05-14 00:00:00,root='Run',10130.3,3076,102.0,3.293,134.6,156.0,428.6,424.0,False,g19996876,10.1303,11.854800000000001
14469182382,2025-05-13 00:00:00,root='Ride',54414.1,5412,35.0,10.054,133.0,167.0,233.6,244.0,False,b7688713,54.4141,36.1944
14463459452,2025-05-13 00:00:00,root='Ride',48122.9,5530,37.0,8.702,130.9,149.0,229.6,233.0,False,b7688713,48.1229,31.3272
14446067045,2025-05-11 00:00:00,root='Ride',113432.0,12823,138.0,8.846,131.8,178.0,205.1,226.0,False,b7688713,113.432,31.8456
14427404951,2025-05-09 00:00:00,root='Swim',1825.1,2351,,0.776,131.2,155.0,,,False,,1.8251,2.7936
14407214396,2025-05-07 00:00:00,root='Run',8094.7,2534,42.0,3.194,132.6,144.0,411.2,404.0,False,g19996925,8.0947,11.4984
14398547534,2025-05-06 00:00:00,root='Ride',100651.0,9757,41.0,10.316,139.5,171.0,236.4,248.0,False,b7688713,100.651,37.137600000000006
14377442125,2025-05-04 00:00:00,root='Ride',70938.5,7687,110.0,9.228,125.2,147.0,228.4,229.0,False,b7688713,70.9385,33.2208
14355911077,2025-05-02 00:00:00,root='Run',7329.4,2136,41.0,3.431,143.8,161.0,432.8,431.0,False,g19996925,7.3294,12.351600000000001
14346752734,2025-05-01 00:00:00,root='Ride',52316.3,5643,28.0,9.271,128.5,143.0,227.3,227.0,False,b7688713,52.316300000000005,33.375600000000006
14339735371,2025-05-01 00:00:00,root='Ride',48599.4,5416,33.0,8.973,126.8,137.0,208.2,210.0,False,b7688713,48.5994,32.302800000000005
14334688213,2025-04-30 00:00:00,root='Run',6724.7,2086,38.0,3.224,137.8,151.0,406.3,396.0,False,g19996925,6.7246999999999995,11.6064
14325678467,2025-04-29 00:00:00,root='Ride',35344.1,3909,120.0,9.042,126.5,159.0,223.4,240.0,False,b7688713,35.3441,32.5512
14314678114,2025-04-28 00:00:00,root='Swim',1800.0,2056,,0.875,128.5,150.0,,,True,,1.8,3.15
14289528529,2025-04-26 00:00:00,root='Ride',81975.6,9097,121.0,9.011,129.1,163.0,214.8,238.0,False,b7688713,81.9756,32.4396
14284116466,2025-04-25 00:00:00,root='Ride',78924.5,9474,127.0,8.331,120.7,164.0,186.6,196.0,False,b7688713,78.9245,29.9916
14275803441,2025-04-24 00:00:00,root='Run',8031.5,2282,61.0,3.52,142.6,161.0,450.5,451.0,False,g19996876,8.0315,12.672
14264775373,2025-04-23 00:00:00,root='VirtualRide',22556.3,3523,744.0,6.403,149.2,186.0,260.6,291.0,False,b7688713,22.5563,23.0508
14235405244,2025-04-20 00:00:00,root='Run',8778.3,2789,71.0,3.147,128.6,144.0,407.4,409.0,False,g19996925,8.7783,11.3292
14223697785,2025-04-19 00:00:00,root='Ride',51975.4,6163,77.0,8.433,115.7,140.0,186.2,190.0,False,b7688713,51.9754,30.3588
14205531096,2025-04-17 00:00:00,root='Ride',49203.4,5241,32.0,9.388,129.1,161.0,231.8,235.0,False,b7688713,49.2034,33.7968
14200494266,2025-04-17 00:00:00,root='Ride',48082.4,5373,35.0,8.949,129.6,141.0,212.4,214.0,False,b7688713,48.0824,32.2164
14195817944,2025-04-16 00:00:00,root='Run',7024.3,2269,49.0,3.096,129.8,144.0,393.1,387.0,False,g19996925,7.0243,11.1456
14187572968,2025-04-15 00:00:00,root='VirtualRide',32400.9,3637,461.0,8.909,133.2,149.0,263.8,272.0,False,b7688713,32.4009,32.0724
14154101562,2025-04-12 00:00:00,root='Run',3735.3,1205,37.0,3.1,126.5,144.0,400.4,385.0,False,g19996925,3.7353,11.16
14148220629,2025-04-11 00:00:00,root='Ride',65984.2,7403,109.0,8.913,124.9,138.0,205.9,205.0,False,b7688713,65.9842,32.086800000000004
14139888075,2025-04-10 00:00:00,root='Ride',26002.9,3354,58.0,7.753,120.5,146.0,229.6,239.0,False,b12356755,26.0029,27.910800000000002
14118894918,2025-04-08 00:00:00,root='Run',7282.4,2229,63.0,3.267,136.8,158.0,416.9,413.0,False,g19996925,7.2824,11.7612
14476682669,2025-04-05 00:00:00,root='Ride',,5235,,,106.1,150.0,75.1,151.0,True,b7688713,,
14089794366,2025-04-05 00:00:00,root='Ride',20535.0,4451,339.0,4.614,,,119.7,150.0,False,b12356755,20.535,16.6104
14079720382,2025-04-04 00:00:00,root='Ride',13893.3,2547,286.0,5.455,,,162.3,208.0,False,b7688713,13.8933,19.638
14067635599,2025-04-03 00:00:00,root='Ride',46384.1,10379,1717.0,4.469,118.9,154.0,192.1,234.0,False,b12356755,46.3841,16.0884
14476686022,2025-04-03 00:00:00,root='Ride',,11528,,,124.3,183.0,170.7,234.0,True,b7688713,,
14060014557,2025-04-01 00:00:00,root='Ride',177282.0,41429,4219.0,4.279,,,150.3,,False,b12356755,177.282,15.4044
14048144438,2025-03-31 00:00:00,root='Ride',227204.0,52803,5653.0,4.303,,,155.2,,False,b12356755,227.204,15.4908
14035630337,2025-03-30 00:00:00,root='Ride',151699.0,29774,2270.0,5.095,113.9,138.0,85.4,161.0,False,b7688713,151.699,18.342
14032413576,2025-03-30 00:00:00,root='Ride',114488.0,19814,1786.0,5.778,130.7,165.0,197.8,232.0,False,b12356755,114.488,20.8008
14023100182,2025-03-29 00:00:00,root='Ride',24218.1,3544,211.0,6.834,,,161.6,185.0,False,b7688713,24.2181,24.6024
14474518276,2025-03-26 00:00:00,root='Ride',,3809,,,125.1,156.0,230.4,244.0,True,b7688713,,
13996076921,2025-03-26 00:00:00,root='VirtualRide',40505.5,3859,137.0,10.496,124.4,150.0,229.6,244.0,False,b7688713,40.5055,37.7856
13984086897,2025-03-25 00:00:00,root='Run',8024.5,2335,57.0,3.437,144.3,168.0,434.6,441.0,False,g19996925,8.0245,12.373199999999999
13976386760,2025-03-24 00:00:00,root='Swim',1900.0,1928,,0.985,112.6,147.0,,,True,,1.9,3.546
13967142508,2025-03-23 00:00:00,root='Ride',60816.4,7254,78.0,8.384,121.9,136.0,222.5,223.0,False,b12356755,60.8164,30.1824
13938137948,2025-03-20 00:00:00,root='Ride',49998.8,5188,33.0,9.637,125.6,149.0,227.9,232.0,False,b7688713,49.9988,34.693200000000004
13933386141,2025-03-20 00:00:00,root='Ride',48267.9,5621,39.0,8.587,123.5,132.0,205.6,207.0,False,b7688713,48.267900000000004,30.9132
13927920346,2025-03-19 00:00:00,root='Run',8115.2,2233,50.0,3.634,150.8,168.0,465.6,461.0,False,g19996925,8.1152,13.0824
13918647785,2025-03-18 00:00:00,root='VirtualRide',30600.5,3653,386.0,8.377,120.0,136.0,227.5,226.0,False,b7688713,30.6005,30.157200000000003
13910581532,2025-03-17 00:00:00,root='Swim',2300.0,2353,,0.977,109.0,142.0,,,True,,2.3,3.5172
13897614006,2025-03-16 00:00:00,root='Ride',132627.0,15845,177.0,8.37,122.1,137.0,200.9,203.0,False,b7688713,132.627,30.131999999999998
13888016637,2025-03-15 00:00:00,root='Ride',69085.9,7776,70.0,8.885,133.0,165.0,235.7,249.0,False,b7688713,69.0859,31.986
13881581551,2025-03-14 00:00:00,root='VirtualRide',23303.4,3265,410.0,7.137,128.0,145.0,232.4,235.0,False,b7688713,23.3034,25.693199999999997
13874014016,2025-03-13 00:00:00,root='VirtualRide',40732.3,3735,132.0,10.906,117.0,129.0,211.5,213.0,False,b7688713,40.7323,39.2616
13864159038,2025-03-12 00:00:00,root='Ride',49633.4,5809,42.0,8.544,122.7,132.0,223.0,223.0,False,b7688713,49.6334,30.7584
13859196127,2025-03-12 00:00:00,root='Ride',48254.3,5418,38.0,8.906,128.2,140.0,209.9,213.0,False,b7688713,48.2543,32.061600000000006
13854451235,2025-03-11 00:00:00,root='Run',10220.0,3262,99.0,3.133,127.4,140.0,401.8,401.0,False,g19996925,10.22,11.2788
13845936574,2025-03-10 00:00:00,root='Swim',1525.0,1603,,0.951,102.6,142.0,,,True,,1.525,3.4236
13825000352,2025-03-08 00:00:00,root='Ride',175135.0,19706,261.0,8.887,133.4,155.0,217.1,218.0,False,b7688713,175.135,31.9932
13808620429,2025-03-06 00:00:00,root='VirtualRide',45902.3,4256,171.0,10.785,115.8,126.0,220.0,221.0,False,b7688713,45.902300000000004,38.826
13794809977,2025-03-05 00:00:00,root='Run',6336.5,1837,74.0,3.449,150.4,169.0,445.4,468.0,False,g19996876,6.3365,12.4164
13789085561,2025-03-04 00:00:00,root='Ride',49188.1,5661,35.0,8.689,128.5,139.0,218.8,219.0,False,b7688713,49.1881,31.2804
13783719575,2025-03-04 00:00:00,root='Ride',48234.0,5443,39.0,8.862,129.5,142.0,209.0,212.0,False,b7688713,48.234,31.903200000000002
13780602295,2025-03-03 00:00:00,root='Swim',1550.0,1589,,0.975,102.8,146.0,,,True,,1.55,3.51
13761109118,2025-03-01 00:00:00,root='Ride',85654.8,10701,609.0,8.004,121.7,154.0,197.5,220.0,False,b7688713,85.65480000000001,28.8144
13756390781,2025-03-01 00:00:00,root='Ride',15046.9,2637,83.0,5.706,107.6,154.0,120.6,155.0,False,b7688713,15.046899999999999,20.541600000000003
13751932909,2025-02-28 00:00:00,root='VirtualRide',51298.0,5420,339.0,9.465,0.2,115.0,226.4,256.0,False,b7688713,51.298,34.074
13731493773,2025-02-26 00:00:00,root='Run',7475.5,2014,125.0,3.712,152.9,169.0,498.3,516.0,False,g19996925,7.4755,13.3632
13725090006,2025-02-25 00:00:00,root='VirtualRide',43044.9,4225,379.0,10.188,126.6,155.0,237.6,260.0,False,b7688713,43.0449,36.6768
13716608981,2025-02-24 00:00:00,root='Swim',1400.0,1675,,0.836,128.7,154.0,,,True,,1.4,3.0096
13705710008,2025-02-23 00:00:00,root='Ride',148776.0,16947,183.0,8.779,128.6,157.0,199.2,208.0,False,b7688713,148.776,31.604400000000002
13698023525,2025-02-22 00:00:00,root='VirtualRide',45446.3,4820,502.0,9.429,130.0,140.0,238.6,241.0,False,b7688713,45.4463,33.9444
13688691638,2025-02-21 00:00:00,root='VirtualRide',43519.6,4849,541.0,8.975,79.7,182.0,232.6,264.0,False,b7688713,43.5196,32.31
13672835088,2025-02-19 00:00:00,root='VirtualRide',42923.0,4515,330.0,9.507,73.8,132.0,228.8,231.0,False,b7688713,42.923,34.2252
13661994767,2025-02-18 00:00:00,root='Run',10041.1,3159,64.0,3.179,135.4,150.0,408.0,410.0,False,g19996925,10.0411,11.4444
13654390711,2025-02-17 00:00:00,root='Swim',1075.0,1176,,0.914,92.4,144.0,,,True,,1.075,3.2904
13645592666,2025-02-16 00:00:00,root='Run',5695.4,1818,118.0,3.133,157.9,169.0,438.9,463.0,False,g19996925,5.695399999999999,11.2788
13642847355,2025-02-16 00:00:00,root='Ride',80091.8,9785,168.0,8.185,121.0,138.0,210.6,211.0,False,b7688713,80.0918,29.466
13632381827,2025-02-15 00:00:00,root='VirtualRide',60396.8,5874,326.0,10.282,131.2,144.0,206.2,209.0,False,b7688713,60.396800000000006,37.0152
13623678252,2025-02-14 00:00:00,root='VirtualRide',31735.1,3704,212.0,8.568,133.5,161.0,205.0,224.0,False,b7688713,31.7351,30.8448
13621206387,2025-02-13 00:00:00,root='Ride',21169.4,3646,62.0,5.806,105.1,133.0,69.7,,False,b7688713,21.169400000000003,20.901600000000002
13614483127,2025-02-13 00:00:00,root='Run',7326.4,2101,140.0,3.487,151.3,172.0,477.6,482.0,False,g19996876,7.3264,12.5532
13600749705,2025-02-11 00:00:00,root='Ride',,2751,,,146.9,169.0,292.0,311.0,True,b7688713,,
13600888205,2025-02-11 00:00:00,root='VirtualRide',22279.9,2812,391.0,7.923,145.9,170.0,245.8,262.0,False,b7688713,22.2799,28.5228
13593374943,2025-02-10 00:00:00,root='Swim',1000.0,1195,,0.837,92.0,139.0,,,True,,1.0,3.0132
13582619615,2025-02-09 00:00:00,root='Ride',11045.3,2146,62.0,5.147,,,147.1,151.0,False,b12356755,11.0453,18.529200000000003
13579871665,2025-02-09 00:00:00,root='Ride',35105.4,5081,107.0,6.909,154.2,170.0,270.3,293.0,False,b12356755,35.1054,24.8724
13571350666,2025-02-08 00:00:00,root='Ride',71843.5,8561,82.0,8.392,125.5,147.0,208.5,213.0,False,b7688713,71.8435,30.211199999999998
13566339144,2025-02-07 00:00:00,root='VirtualRide',50453.2,4849,344.0,10.405,132.7,148.0,213.9,216.0,False,b7688713,50.453199999999995,37.458
13558294060,2025-02-06 00:00:00,root='Run',10414.9,3036,110.0,3.43,140.9,167.0,453.2,462.0,False,g19996876,10.4149,12.348
13539484952,2025-02-04 00:00:00,root='VirtualRide',53394.7,4899,257.0,10.899,129.9,143.0,215.8,217.0,False,b7688713,53.3947,39.236399999999996
13531431734,2025-02-03 00:00:00,root='Swim',1000.0,980,,1.02,102.9,142.0,,,True,,1.0,3.672
13516983608,2025-02-02 00:00:00,root='Ride',5839.5,768,,7.604,132.3,140.0,219.6,225.0,False,b12356755,5.8395,27.3744
13516745647,2025-02-02 00:00:00,root='Ride',34734.2,3732,25.0,9.307,155.8,172.0,290.8,309.0,False,b12356755,34.734199999999994,33.5052
13511720801,2025-02-01 00:00:00,root='Ride',40388.8,5134,113.0,7.867,115.9,128.0,209.7,212.0,False,b12356755,40.3888,28.3212
13500418171,2025-01-31 00:00:00,root='Run',6150.9,1868,117.0,3.293,142.4,173.0,447.0,478.0,False,g19996925,6.1509,11.854800000000001
13496046852,2025-01-30 00:00:00,root='Ride',,3323,,,136.8,154.0,277.8,280.0,True,b7688713,,
13496059214,2025-01-30 00:00:00,root='VirtualRide',31425.4,3400,281.0,9.243,,,225.9,229.0,False,b7688713,31.4254,33.2748
13486185334,2025-01-29 00:00:00,root='Run',7448.1,2347,75.0,3.173,136.2,146.0,402.9,412.0,False,g19996925,7.4481,11.4228
13468775010,2025-01-27 00:00:00,root='Swim',500.0,516,,0.969,89.3,128.0,,,True,,0.5,3.4884
13426427704,2025-01-22 00:00:00,root='VirtualRide',43494.6,4905,562.0,8.867,131.5,148.0,231.9,233.0,False,b7688713,43.4946,31.921200000000002
13417654366,2025-01-21 00:00:00,root='VirtualRide',64591.3,6993,562.0,9.237,136.4,172.0,225.3,243.0,False,b7688713,64.5913,33.2532
13399705794,2025-01-19 00:00:00,root='Run',5586.6,1822,71.0,3.066,134.6,140.0,395.2,395.0,False,g19996925,5.586600000000001,11.0376
13399403008,2025-01-19 00:00:00,root='VirtualRide',33811.2,3740,249.0,9.04,135.9,157.0,244.2,260.0,False,b7688713,33.8112,32.544
13386060338,2025-01-18 00:00:00,root='Ride',39929.9,4994,35.0,7.996,163.7,176.0,324.1,334.0,False,b12356755,39.9299,28.785600000000002
13372429584,2025-01-16 00:00:00,root='VirtualRide',42897.2,4215,270.0,10.177,131.6,144.0,239.1,240.0,False,b7688713,42.8972,36.6372
13363739736,2025-01-15 00:00:00,root='Run',9488.1,2926,98.0,3.243,141.7,164.0,410.7,414.0,False,g19996925,9.488100000000001,11.6748
13354761483,2025-01-14 00:00:00,root='VirtualRide',41327.3,3923,132.0,10.535,125.9,138.0,207.2,210.0,False,b7688713,41.3273,37.926
13334176539,2025-01-12 00:00:00,root='Run',21252.5,5638,92.0,3.77,163.5,183.0,468.3,470.0,False,g19996876,21.2525,13.572000000000001
13323015756,2025-01-11 00:00:00,root='Ride',38017.3,4005,80.0,9.492,158.9,173.0,294.8,313.0,False,b12356755,38.017300000000006,34.171200000000006
13301072060,2025-01-08 00:00:00,root='Run',6359.8,2040,72.0,3.118,131.4,146.0,408.4,403.0,False,g19996925,6.3598,11.2248
13291729034,2025-01-07 00:00:00,root='Run',9623.7,2844,206.0,3.384,145.0,167.0,436.8,453.0,False,g19996876,9.623700000000001,12.1824
13284443674,2025-01-06 00:00:00,root='VirtualRide',36079.0,3671,200.0,9.828,143.1,173.0,240.3,277.0,False,b7688713,36.079,35.3808
13263842507,2025-01-04 00:00:00,root='NordicSki',10060.8,6309,766.0,1.595,114.0,143.0,,,False,,10.060799999999999,5.742
13255512399,2025-01-03 00:00:00,root='Snowboard',34918.4,7688,3739.9,4.542,,,,,False,,34.9184,16.3512
13248043450,2025-01-02 00:00:00,root='Run',8813.2,3304,293.0,2.667,133.8,151.0,365.8,397.0,False,g19996925,8.8132,9.6012
13246355786,2025-01-02 00:00:00,root='Snowboard',47570.4,10118,4883.4,4.702,,,,,False,,47.5704,16.9272
13239260479,2025-01-01 00:00:00,root='Snowboard',23636.3,4608,2550.3,5.129,,,,,False,,23.6363,18.464399999999998
13235268073,2024-12-31 00:00:00,root='Snowboard',95903.6,16031,8635.3,5.982,,,,,False,,95.90360000000001,21.5352
13225269794,2024-12-30 00:00:00,root='Swim',1200.0,1439,,0.834,136.5,172.0,,,True,,1.2,3.0023999999999997
13223866767,2024-12-30 00:00:00,root='Snowboard',43201.0,8260,3788.2,5.23,,,,,False,,43.201,18.828000000000003
13217037241,2024-12-29 00:00:00,root='Run',7327.1,2428,266.0,3.018,130.1,148.0,430.2,470.0,False,g19996925,7.327100000000001,10.864799999999999
13217036089,2024-12-29 00:00:00,root='Hike',5259.9,5743,387.0,0.916,98.7,130.0,,,False,,5.2599,3.2976
13192775496,2024-12-26 00:00:00,root='VirtualRide',60745.3,5533,200.0,10.979,129.1,141.0,219.1,220.0,False,b7688713,60.7453,39.5244
13161034439,2024-12-21 00:00:00,root='Ride',34498.3,4733,126.0,7.289,160.0,179.0,309.8,320.0,False,b12356755,34.4983,26.2404
13150075104,2024-12-19 00:00:00,root='Run',7654.4,2463,200.0,3.108,135.8,143.0,408.9,441.0,False,g19996876,7.6544,11.1888
13144582777,2024-12-18 00:00:00,root='VirtualRide',50322.5,5598,373.0,8.989,131.1,148.0,220.5,224.0,False,b7688713,50.3225,32.360400000000006
13136600568,2024-12-17 00:00:00,root='WeightTraining',,1945,,,111.2,137.0,,,True,,,
13122966661,2024-12-15 00:00:00,root='VirtualRide',60374.7,5848,315.0,10.324,129.2,156.0,231.0,245.0,False,b7688713,60.3747,37.1664
13111445820,2024-12-14 00:00:00,root='Run',11414.6,4188,355.0,2.726,134.9,164.0,378.0,407.0,False,g19996925,11.4146,9.813600000000001
13108061073,2024-12-13 00:00:00,root='Ride',28277.0,3648,183.0,7.751,116.5,152.0,190.6,217.0,False,b7688713,28.277,27.9036
13094851546,2024-12-11 00:00:00,root='Run',6113.8,1811,92.0,3.376,138.9,161.0,428.9,441.0,False,g19996876,6.1138,12.153599999999999
13080321165,2024-12-09 00:00:00,root='VirtualRide',51140.5,5470,561.0,9.349,128.2,154.0,246.9,255.0,False,b7688713,51.1405,33.656400000000005
13065042039,2024-12-07 00:00:00,root='Run',14043.6,4740,231.0,2.963,137.2,149.0,388.1,410.0,False,g19996925,14.0436,10.6668
13059660789,2024-12-06 00:00:00,root='VirtualRide',27566.8,2717,134.0,10.146,136.6,166.0,232.0,249.0,False,b7688713,27.5668,36.525600000000004
13054779571,2024-12-05 00:00:00,root='VirtualRide',56211.9,5859,366.0,9.594,133.2,152.0,226.2,233.0,False,b7688713,56.2119,34.538399999999996
13046752612,2024-12-04 00:00:00,root='Run',9051.1,2656,165.0,3.408,135.2,155.0,433.6,458.0,False,g19996876,9.0511,12.2688
13039085389,2024-12-03 00:00:00,root='VirtualRide',35444.4,3656,305.0,9.695,124.1,141.0,230.1,233.0,False,b7688713,35.4444,34.902
13014749929,2024-11-30 00:00:00,root='Ride',103398.0,11731,213.0,8.814,131.7,167.0,223.9,235.0,False,b7688713,103.398,31.7304
13008292691,2024-11-29 00:00:00,root='Run',6063.1,1729,132.0,3.507,140.5,163.0,463.9,484.0,False,g19996876,6.0631,12.625200000000001
13003390020,2024-11-28 00:00:00,root='VirtualRide',42259.5,4243,257.0,9.96,135.0,166.0,241.3,260.0,False,b7688713,42.2595,35.856
12996571842,2024-11-27 00:00:00,root='VirtualRide',60305.9,6620,509.0,9.11,126.3,168.0,205.5,234.0,False,b7688713,60.3059,32.796
12973987461,2024-11-24 00:00:00,root='Ride',90471.8,10867,299.0,8.325,133.5,159.0,263.0,,False,b12356755,90.4718,29.97
12962997708,2024-11-23 00:00:00,root='Run',17319.1,5625,194.0,3.079,134.6,145.0,399.7,402.0,False,g19996925,17.3191,11.0844
12959038184,2024-11-22 00:00:00,root='VirtualRide',34304.0,3188,164.0,10.76,130.1,142.0,217.8,219.0,False,b7688713,34.304,38.736
12957457572,2024-11-22 00:00:00,root='Run',8143.4,2440,126.0,3.337,127.4,137.0,446.3,460.0,False,g19996925,8.1434,12.013200000000001
12953144128,2024-11-21 00:00:00,root='VirtualRide',50196.9,5730,627.0,8.76,138.8,176.0,228.8,261.0,False,b7688713,50.1969,31.536
12931914711,2024-11-18 00:00:00,root='VirtualRide',40276.2,4002,209.0,10.064,136.6,150.0,249.7,257.0,False,b7688713,40.276199999999996,36.2304
12919327229,2024-11-17 00:00:00,root='Run',12413.5,3619,241.0,3.43,141.5,171.0,444.5,446.0,False,g19996876,12.4135,12.348
12912787582,2024-11-16 00:00:00,root='Ride',101338.0,12122,142.0,8.36,119.4,143.0,185.4,190.0,False,b7688713,101.338,30.096
12900461821,2024-11-14 00:00:00,root='Ride',50030.2,5571,31.0,8.98,123.6,134.0,217.6,218.0,False,b7688713,50.030199999999994,32.328
12896905906,2024-11-14 00:00:00,root='Ride',51033.0,6070,35.0,8.407,126.6,141.0,208.3,210.0,False,b7688713,51.033,30.2652
12884868578,2024-11-12 00:00:00,root='Run',10311.9,3329,103.0,3.098,134.6,148.0,388.6,392.0,False,g19996925,10.3119,11.1528
12867764651,2024-11-10 00:00:00,root='Ride',84452.1,13007,400.0,6.493,132.3,161.0,208.1,224.0,False,b12356755,84.4521,23.3748
12861334605,2024-11-09 00:00:00,root='Ride',35472.3,4624,91.0,7.671,117.1,130.0,197.5,200.0,False,b12356755,35.472300000000004,27.6156
12846234650,2024-11-07 00:00:00,root='Run',7121.2,2187,176.0,3.256,143.4,168.0,433.5,453.0,False,g19996876,7.1212,11.721599999999999
12839995676,2024-11-06 00:00:00,root='VirtualRide',32487.2,3686,371.0,8.814,129.2,143.0,220.8,222.0,False,b7688713,32.4872,31.7304
12823830669,2024-11-04 00:00:00,root='VirtualRide',30789.7,3358,289.0,9.169,136.5,161.0,240.1,261.0,False,b7688713,30.7897,33.0084
12805080703,2024-11-02 00:00:00,root='Ride',130276.0,16811,88.0,7.749,,,224.5,224.0,False,b12356755,130.276,27.8964
12798721247,2024-11-01 00:00:00,root='Run',10238.1,3308,133.0,3.095,136.1,144.0,399.8,420.0,False,g19996925,10.238100000000001,11.142000000000001
12792155505,2024-10-31 00:00:00,root='Ride',52414.1,5866,28.0,8.935,,,209.6,212.0,False,b7688713,52.4141,32.166000000000004
12787051308,2024-10-31 00:00:00,root='Ride',50844.3,5636,32.0,9.021,,,206.2,211.0,False,b7688713,50.844300000000004,32.47560000000001
12774809317,2024-10-29 00:00:00,root='Run',9719.7,2915,68.0,3.334,143.9,173.0,419.3,428.0,False,g19996876,9.719700000000001,12.0024
12759969170,2024-10-27 00:00:00,root='Ride',13204.5,2293,5.0,5.759,,,120.6,122.0,False,b7688713,13.2045,20.732400000000002
12756271409,2024-10-27 00:00:00,root='Ride',33509.1,4238,43.0,7.907,158.0,178.0,276.9,291.0,False,b12356755,33.5091,28.4652
12740149507,2024-10-25 00:00:00,root='Run',8926.2,2735,74.0,3.264,143.2,160.0,405.1,401.0,False,g19996925,8.926200000000001,11.750399999999999
12735625230,2024-10-24 00:00:00,root='Ride',51382.0,5826,27.0,8.819,,,201.1,199.0,False,b7688713,51.382,31.748400000000004
12731171136,2024-10-24 00:00:00,root='Ride',50648.7,6058,35.0,8.361,,,204.2,204.0,False,b7688713,50.6487,30.099600000000002
12728513514,2024-10-23 00:00:00,root='VirtualRide',33579.7,3711,317.0,9.049,,,231.2,251.0,False,b7688713,33.579699999999995,32.5764
12718635000,2024-10-22 00:00:00,root='Run',7042.4,2160,127.0,3.26,139.5,160.0,435.1,454.0,False,g19996876,7.0424,11.735999999999999
12700525498,2024-10-20 00:00:00,root='Run',8089.7,2550,201.0,3.172,137.7,148.0,431.5,450.0,False,g19996925,8.0897,11.4192
12691130709,2024-10-19 00:00:00,root='Ride',91084.7,10217,621.0,8.915,137.0,163.0,213.4,229.0,False,b7688713,91.0847,32.094
12679013497,2024-10-17 00:00:00,root='Ride',54058.0,5778,234.0,9.356,137.8,166.0,231.9,240.0,False,b7688713,54.058,33.6816
12675091953,2024-10-17 00:00:00,root='Ride',50012.1,5660,257.0,8.836,128.6,140.0,194.9,197.0,False,b7688713,50.0121,31.809600000000003
12662665629,2024-10-15 00:00:00,root='Ride',35094.1,4846,252.0,7.242,137.9,173.0,159.8,234.0,False,b12356755,35.0941,26.0712
12654958139,2024-10-14 00:00:00,root='Run',7869.3,2430,166.0,3.238,134.6,150.0,435.4,445.0,False,g19996876,7.8693,11.6568
12646008498,2024-10-13 00:00:00,root='VirtualRide',90067.3,9138,524.0,9.856,136.6,163.0,235.2,247.0,False,b7688713,90.0673,35.4816
12630430372,2024-10-11 00:00:00,root='VirtualRide',33840.3,3628,305.0,9.328,147.0,174.0,259.0,276.0,False,b7688713,33.840300000000006,33.580799999999996
12624290481,2024-10-10 00:00:00,root='VirtualRide',30752.2,3680,480.0,8.357,140.8,179.0,231.7,259.0,False,b7688713,30.752200000000002,30.085199999999997
12599108048,2024-10-07 00:00:00,root='Run',7682.5,2665,123.0,2.883,133.0,142.0,375.9,390.0,False,g19996925,7.6825,10.3788
12592203789,2024-10-06 00:00:00,root='Run',5254.9,1403,97.0,3.745,153.2,169.0,507.3,523.0,False,g19996925,5.254899999999999,13.482000000000001
12578415886,2024-10-05 00:00:00,root='Ride',60041.5,6714,53.0,8.943,135.8,151.0,224.0,225.0,False,b7688713,60.0415,32.1948
12565843436,2024-10-03 00:00:00,root='Ride',52584.9,5202,28.0,10.109,143.7,166.0,230.3,238.0,False,b7688713,52.584900000000005,36.3924
12562078567,2024-10-03 00:00:00,root='Ride',50106.6,5688,3.0,8.809,138.7,150.0,209.5,211.0,False,b7688713,50.1066,31.7124
12549477066,2024-10-01 00:00:00,root='Run',9132.7,2875,108.0,3.177,143.2,156.0,390.4,404.0,False,g19996925,9.132700000000002,11.4372
12542730592,2024-09-30 00:00:00,root='VirtualRide',34656.8,3734,307.0,9.281,142.2,164.0,241.2,254.0,False,b7688713,34.656800000000004,33.4116
12531873969,2024-09-29 00:00:00,root='Ride',55319.9,6462,92.0,8.561,126.2,179.0,188.8,194.0,False,b7688713,55.319900000000004,30.8196
12517235216,2024-09-27 00:00:00,root='VirtualRide',15740.6,1876,208.0,8.391,130.5,183.0,254.2,275.0,False,b7688713,15.7406,30.2076
12474509834,2024-09-22 00:00:00,root='Ride',80813.8,9117,131.0,8.864,131.2,163.0,190.3,196.0,False,b7688713,80.8138,31.910400000000003
12486723528,2024-09-19 00:00:00,root='Hike',10164.8,4671,321.0,2.176,93.0,129.0,,,False,,10.1648,7.833600000000001
12486723008,2024-09-18 00:00:00,root='Hike',13592.1,12913,787.0,1.053,90.8,139.0,,,False,,13.5921,3.7908
12486721267,2024-09-17 00:00:00,root='Hike',1647.1,2277,59.0,0.723,92.9,116.0,,,False,,1.6471,2.6028
12486720878,2024-09-16 00:00:00,root='Rowing',4637.6,3647,41.7,1.272,115.9,191.0,,,False,,4.6376,4.5792
12421309174,2024-09-15 00:00:00,root='Hike',8962.8,8957,779.0,1.001,114.7,156.0,,,False,,8.9628,3.6035999999999997
12400987676,2024-09-13 00:00:00,root='Hike',12938.2,15773,859.0,0.82,101.6,150.0,,,False,,12.9382,2.952
12395814278,2024-09-12 00:00:00,root='Hike',23167.6,21403,1306.0,1.082,110.5,149.0,,,False,,23.1676,3.8952000000000004
12395782794,2024-09-11 00:00:00,root='Hike',14055.7,13261,535.0,1.06,94.7,135.0,,,False,,14.0557,3.8160000000000003
12379451863,2024-09-10 00:00:00,root='Hike',18809.6,18694,802.0,1.006,109.1,149.0,,,False,,18.8096,3.6216
12379422628,2024-09-09 00:00:00,root='Hike',6767.9,7384,598.0,0.917,119.8,161.0,,,False,,6.7679,3.3012
12329220121,2024-09-04 00:00:00,root='Snowboard',1295.1,1431,235.4,0.905,116.7,156.0,,,False,,1.2951,3.258
12324079704,2024-09-04 00:00:00,root='Hike',3259.0,3843,338.0,0.848,112.8,136.0,,,False,,3.259,3.0528
12266992772,2024-08-28 00:00:00,root='Ride',50732.7,5600,23.0,9.059,128.3,140.0,210.3,212.0,False,b7688713,50.732699999999994,32.6124
12261502983,2024-08-28 00:00:00,root='Ride',50370.1,5647,30.0,8.92,124.9,144.0,202.8,203.0,False,b7688713,50.3701,32.112
12256726179,2024-08-27 00:00:00,root='Run',10035.8,3057,55.0,3.283,145.1,167.0,406.6,410.0,False,g19996925,10.0358,11.8188
12236413513,2024-08-25 00:00:00,root='Ride',71983.4,7804,128.0,9.224,129.7,146.0,222.4,221.0,False,b7688713,71.98339999999999,33.2064
12229811838,2024-08-24 00:00:00,root='Swim',1380.4,1982,,0.696,130.9,155.0,,,False,,1.3804,2.5056
12222766334,2024-08-23 00:00:00,root='Run',10077.9,3005,71.0,3.354,149.3,174.0,424.1,421.0,False,g19996925,10.0779,12.0744
12206942122,2024-08-21 00:00:00,root='Ride',51623.9,5756,63.0,8.969,133.0,158.0,241.4,247.0,False,b7688713,51.6239,32.288399999999996
12202103336,2024-08-21 00:00:00,root='Ride',50543.0,5271,35.0,9.589,122.0,149.0,202.9,209.0,False,b7688713,50.543,34.5204
12197952148,2024-08-20 00:00:00,root='Run',8426.3,2719,25.0,3.099,135.9,146.0,383.3,376.0,False,g19996925,8.4263,11.156400000000001
12178856432,2024-08-18 00:00:00,root='Run',15189.6,4229,61.0,3.592,161.1,175.0,436.0,440.0,False,g19996925,15.1896,12.9312
12178851483,2024-08-18 00:00:00,root='Ride',63680.6,5919,65.0,10.759,,,242.5,245.0,False,b7688713,63.6806,38.732400000000005
12178856222,2024-08-18 00:00:00,root='Swim',1682.2,1894,3.5,0.888,109.2,135.0,,,False,,1.6822000000000001,3.1968
12150788398,2024-08-14 00:00:00,root='VirtualRide',37191.3,3619,183.0,10.277,143.2,171.0,263.6,283.0,False,b7688713,37.191300000000005,36.9972
12138786150,2024-08-13 00:00:00,root='Swim',1215.2,1650,,0.736,135.0,162.0,,,False,,1.2152,2.6496
12130869318,2024-08-12 00:00:00,root='Run',5476.2,1612,25.0,3.397,145.0,159.0,413.1,409.0,False,g19996925,5.4761999999999995,12.229199999999999
12117370938,2024-08-11 00:00:00,root='Swim',1025.0,1128,,0.909,126.1,157.0,,,True,,1.025,3.2724
12111620707,2024-08-10 00:00:00,root='Ride',66085.5,11793,967.0,5.604,138.2,171.0,180.1,228.0,False,b12356755,66.0855,20.174400000000002
12105512272,2024-08-09 00:00:00,root='Ride',14107.2,1749,29.0,8.066,115.8,129.0,197.7,204.0,False,b12356755,14.1072,29.037600000000005
12088870029,2024-08-07 00:00:00,root='Ride',72315.5,8547,126.0,8.461,121.0,168.0,184.9,198.0,False,b7688713,72.3155,30.459600000000002
12079351566,2024-08-06 00:00:00,root='Run',13084.6,3737,80.0,3.501,157.4,177.0,429.6,438.0,False,g19996925,13.0846,12.6036
12059240486,2024-08-04 00:00:00,root='Ride',115087.0,12771,148.0,9.012,125.5,155.0,214.7,216.0,False,b7688713,115.087,32.443200000000004
12049957852,2024-08-03 00:00:00,root='Swim',2123.0,2634,,0.806,132.5,156.0,,,False,,2.123,2.9016
12044983545,2024-08-02 00:00:00,root='Ride',38372.5,3895,21.0,9.852,134.0,148.0,250.4,257.0,False,b7688713,38.3725,35.467200000000005
12038685568,2024-08-01 00:00:00,root='Run',5257.9,1802,29.0,2.918,127.9,138.0,354.5,351.0,False,g19996925,5.257899999999999,10.504800000000001
12028819383,2024-07-31 00:00:00,root='Run',6541.3,1920,56.0,3.407,145.1,159.0,421.9,415.0,False,g19996925,6.541300000000001,12.2652
12028476052,2024-07-31 00:00:00,root='Ride',44406.7,4805,33.0,9.242,135.9,175.0,234.2,272.0,False,b7688713,44.406699999999994,33.27120000000001
12003018270,2024-07-28 00:00:00,root='Ride',123003.0,14208,108.0,8.657,120.7,144.0,194.5,195.0,False,b7688713,123.003,31.165200000000002
11995361236,2024-07-27 00:00:00,root='Swim',1425.6,1805,,0.79,135.6,160.0,,,False,,1.4256,2.8440000000000003
11986898953,2024-07-26 00:00:00,root='Run',9040.0,2740,55.0,3.299,143.8,167.0,405.5,393.0,False,g19996925,9.04,11.8764
11970640312,2024-07-24 00:00:00,root='Swim',1526.1,1887,,0.809,139.0,161.0,,,False,,1.5261,2.9124000000000003
11961894385,2024-07-23 00:00:00,root='Ride',41084.8,4338,36.0,9.471,139.0,180.0,248.1,272.0,False,b7688713,41.0848,34.095600000000005
11943331574,2024-07-21 00:00:00,root='Run',11715.6,3904,56.0,3.001,132.2,142.0,372.9,371.0,False,g19996925,11.7156,10.8036
11934867004,2024-07-20 00:00:00,root='Run',5112.1,1499,19.0,3.41,155.8,168.0,425.5,424.0,False,g19996925,5.112100000000001,12.276000000000002
11934557098,2024-07-20 00:00:00,root='Ride',78569.7,8378,45.0,9.378,135.0,169.0,227.8,254.0,False,b7688713,78.5697,33.7608
11912360065,2024-07-17 00:00:00,root='Ride',45025.8,4607,23.0,9.773,133.1,162.0,244.0,275.0,False,b7688713,45.025800000000004,35.1828
11904551436,2024-07-16 00:00:00,root='Swim',2007.4,2224,,0.903,130.1,176.0,,,False,,2.0074,3.2508000000000004
11887765230,2024-07-14 00:00:00,root='Ride',70299.0,10696,86.0,6.572,110.5,133.0,160.2,170.0,False,b12356755,70.299,23.659200000000002
11880634636,2024-07-13 00:00:00,root='Ride',116820.0,19473,93.0,5.999,122.4,152.0,179.4,190.0,False,b12356755,116.82,21.5964
11868968563,2024-07-12 00:00:00,root='Run',7057.2,2047,27.0,3.448,143.3,168.0,418.8,416.0,False,g19996925,7.0572,12.4128
11856746855,2024-07-10 00:00:00,root='Run',6543.7,1815,24.0,3.605,144.8,164.0,437.3,415.0,False,g19996925,6.543699999999999,12.978
11846477281,2024-07-09 00:00:00,root='Ride',51432.1,5333,28.0,9.644,137.4,162.0,239.5,241.0,False,b7688713,51.4321,34.7184
11843366405,2024-07-09 00:00:00,root='Ride',50378.9,5633,32.0,8.944,127.2,149.0,224.7,224.0,False,b7688713,50.3789,32.19840000000001
11829556876,2024-07-07 00:00:00,root='Swim',2040.6,2298,,0.888,135.7,157.0,,,False,,2.0406,3.1968
11820781655,2024-07-06 00:00:00,root='Ride',92039.3,9970,314.0,9.232,137.4,167.0,234.1,243.0,False,b7688713,92.0393,33.2352
11807924237,2024-07-04 00:00:00,root='Run',5123.9,1533,28.0,3.342,144.5,154.0,419.0,419.0,False,g19996925,5.1239,12.0312
11808122353,2024-07-04 00:00:00,root='Ride',34493.6,3815,31.0,9.042,125.4,139.0,215.7,218.0,False,b7688713,34.4936,32.5512
11801583109,2024-07-03 00:00:00,root='VirtualRide',33132.4,3617,382.0,9.16,132.2,150.0,247.8,257.0,False,b7688713,33.132400000000004,32.976
11783846661,2024-07-01 00:00:00,root='Run',10239.2,2902,58.0,3.528,151.8,174.0,446.2,454.0,False,g19996925,10.2392,12.700800000000001
11765789349,2024-06-29 00:00:00,root='Ride',50859.5,5804,83.0,8.763,116.6,137.0,202.1,201.0,False,b7688713,50.8595,31.5468
11761023898,2024-06-28 00:00:00,root='Run',10307.0,3124,33.0,3.299,140.2,148.0,419.6,420.0,False,g19996925,10.307,11.8764
11755187850,2024-06-27 00:00:00,root='Ride',51021.8,5954,47.0,8.569,122.7,135.0,218.5,220.0,False,b7688713,51.021800000000006,30.848400000000005
11749588053,2024-06-27 00:00:00,root='Ride',50221.1,5210,25.0,9.639,123.3,152.0,203.4,208.0,False,b7688713,50.2211,34.7004
11746136244,2024-06-26 00:00:00,root='Swim',2045.2,2745,,0.745,133.2,152.0,,,False,,2.0452,2.682
11719838871,2024-06-23 00:00:00,root='Run',9989.0,2845,29.0,3.511,174.2,185.0,430.7,430.0,False,g19996925,9.989,12.639600000000002
11719837209,2024-06-23 00:00:00,root='Ride',41282.0,3731,104.0,11.065,164.7,181.0,264.1,265.0,False,b7688713,41.282,39.833999999999996
11720136364,2024-06-23 00:00:00,root='Swim',1493.5,1694,,0.882,159.4,172.0,,,False,,1.4935,3.1752000000000002
11699116621,2024-06-20 00:00:00,root='Run',6588.8,1943,29.0,3.391,139.7,157.0,414.7,401.0,False,g19996925,6.5888,12.207600000000001
11692053554,2024-06-19 00:00:00,root='Swim',1884.2,2138,,0.881,140.2,159.0,,,False,,1.8842,3.1716
11675662777,2024-06-17 00:00:00,root='Swim',1575.0,1618,,0.973,103.8,148.0,,,True,,1.575,3.5028
11668011085,2024-06-16 00:00:00,root='Ride',7081.3,692,16.0,10.233,126.5,137.0,194.7,204.0,False,b7688713,7.081300000000001,36.838800000000006
11667499727,2024-06-16 00:00:00,root='Ride',172003.0,15182,864.0,11.329,150.6,170.0,265.4,277.0,False,b7688713,172.003,40.784400000000005
11652086921,2024-06-14 00:00:00,root='Swim',2065.3,2617,,0.789,127.0,149.0,,,False,,2.0653,2.8404000000000003
11645988208,2024-06-13 00:00:00,root='VirtualRide',28277.3,3743,479.0,7.555,127.1,139.0,228.0,231.0,False,b7688713,28.2773,27.198
11636971033,2024-06-12 00:00:00,root='Run',10048.4,3171,32.0,3.169,136.5,146.0,394.8,389.0,False,g19996925,10.048399999999999,11.4084
11629709480,2024-06-11 00:00:00,root='VirtualRide',51081.0,6054,793.0,8.438,137.9,168.0,245.3,265.0,False,b7688713,51.081,30.376800000000003
11621502359,2024-06-10 00:00:00,root='Swim',1475.0,1661,,0.888,99.3,148.0,,,True,,1.475,3.1968
11612114803,2024-06-09 00:00:00,root='Swim',1860.1,2512,,0.74,115.9,151.0,,,False,,1.8600999999999999,2.664
11609896594,2024-06-09 00:00:00,root='Ride',80113.9,9093,127.0,8.811,121.0,148.0,207.3,220.0,False,b7688713,80.1139,31.7196
11602910682,2024-06-08 00:00:00,root='Run',12332.4,3619,56.0,3.408,153.5,180.0,431.2,440.0,False,g19996925,12.3324,12.2688
11590790171,2024-06-06 00:00:00,root='Ride',100143.0,9335,21.0,10.728,140.4,169.0,240.6,255.0,False,b7688713,100.143,38.6208
11582606868,2024-06-05 00:00:00,root='Swim',1514.2,2067,,0.733,136.0,155.0,,,False,,1.5142,2.6388
11572679367,2024-06-04 00:00:00,root='VirtualRide',33050.2,3623,301.0,9.122,131.3,148.0,228.5,232.0,False,b7688713,33.0502,32.8392
11565844190,2024-06-03 00:00:00,root='Swim',1225.0,1261,,0.971,116.3,177.0,,,True,,1.225,3.4956
11558913935,2024-06-02 00:00:00,root='Run',6598.8,1940,36.0,3.401,128.5,150.0,417.9,402.0,False,g19996925,6.5988,12.243599999999999
11554137988,2024-06-02 00:00:00,root='Ride',90196.4,12006,184.0,7.513,121.7,144.0,212.9,,False,b12356755,90.1964,27.0468
11547331095,2024-06-01 00:00:00,root='Ride',142770.0,19785,619.0,7.216,134.3,168.0,211.3,,False,b12356755,142.77,25.977600000000002
11534930724,2024-05-30 00:00:00,root='Ride',60062.1,6673,52.0,9.001,132.9,167.0,230.7,241.0,False,b7688713,60.0621,32.4036
11518754571,2024-05-28 00:00:00,root='VirtualRide',48880.3,7283,1153.0,6.712,141.3,170.0,239.4,266.0,False,b7688713,48.880300000000005,24.1632
11511821458,2024-05-27 00:00:00,root='Swim',1125.0,1200,,0.938,99.2,148.0,,,True,,1.125,3.3768
11503076581,2024-05-26 00:00:00,root='Swim',924.9,985,3.9,0.939,136.2,165.0,,,False,,0.9248999999999999,3.3804
11501223989,2024-05-26 00:00:00,root='Run',6404.8,2021,40.0,3.169,137.3,146.0,398.9,398.0,False,g19996925,6.4048,11.4084
11500357667,2024-05-26 00:00:00,root='Sail',12006.4,4895,7.3,2.453,,,,,False,,12.0064,8.8308
11492965158,2024-05-25 00:00:00,root='Run',15270.8,4522,46.0,3.377,156.0,169.0,416.7,416.0,False,g19996925,15.2708,12.1572
11481710560,2024-05-23 00:00:00,root='Ride',50173.5,5558,13.0,9.027,128.1,147.0,224.5,224.0,False,b7688713,50.1735,32.4972
11472394393,2024-05-22 00:00:00,root='VirtualRide',54689.6,5418,188.0,10.094,135.4,163.0,230.2,241.0,False,b7688713,54.6896,36.3384
11466270119,2024-05-21 00:00:00,root='VirtualRide',47255.1,5319,371.0,8.884,131.3,171.0,208.4,244.0,False,b7688713,47.2551,31.982400000000002
11452861648,2024-05-20 00:00:00,root='Run',8112.7,2623,126.0,3.093,138.4,159.0,393.3,380.0,False,g19996925,8.1127,11.1348
11419335943,2024-05-15 00:00:00,root='Swim',1700.0,2093,,0.812,130.7,164.0,,,True,,1.7,2.9232000000000005
11410731504,2024-05-14 00:00:00,root='Run',5146.3,1500,9.0,3.431,156.6,164.0,424.7,421.0,False,g19996925,5.1463,12.351600000000001
11410281177,2024-05-14 00:00:00,root='Ride',72298.0,7637,76.0,9.467,136.1,166.0,240.5,256.0,False,b7688713,72.298,34.0812
11403091179,2024-05-13 00:00:00,root='Swim',850.0,861,,0.987,95.8,141.0,,,True,,0.85,3.5532
11394941110,2024-05-12 00:00:00,root='Run',8077.9,2281,37.0,3.541,166.9,193.0,438.8,424.0,False,g19996925,8.0779,12.7476
11378587797,2024-05-10 00:00:00,root='Run',9310.3,3033,181.0,3.07,154.3,180.0,396.4,406.0,False,g19996925,9.3103,11.052
11354320400,2024-05-07 00:00:00,root='Ride',51113.7,5688,34.0,8.986,117.3,153.0,194.7,203.0,False,b7688713,51.113699999999994,32.3496
11350436181,2024-05-07 00:00:00,root='Ride',50084.8,5347,32.0,9.367,133.5,165.0,231.4,234.0,False,b7688713,50.0848,33.7212
11347759498,2024-05-06 00:00:00,root='Swim',1200.0,1279,,0.938,100.2,146.0,,,True,,1.2,3.3768
11329529754,2024-05-04 00:00:00,root='Ride',65289.5,6837,69.0,9.549,131.1,142.0,241.8,242.0,False,b7688713,65.2895,34.3764
11321456360,2024-05-03 00:00:00,root='Swim',1500.0,1711,,0.877,130.2,167.0,,,True,,1.5,3.1572
11318044926,2024-05-02 00:00:00,root='VirtualRide',32797.7,5454,1003.0,6.014,133.8,150.0,235.5,237.0,False,b7688713,32.7977,21.6504
11309709147,2024-05-01 00:00:00,root='Ride',53795.1,5755,46.0,9.348,,,235.5,254.0,False,b7688713,53.7951,33.652800000000006
11284162329,2024-04-28 00:00:00,root='Ride',50136.4,5646,225.0,8.88,130.1,156.0,232.0,237.0,False,b7688713,50.1364,31.968000000000004
11274417088,2024-04-27 00:00:00,root='VirtualRide',64508.7,7260,745.0,8.885,139.9,173.0,224.5,239.0,False,b7688713,64.50869999999999,31.986
11269502274,2024-04-26 00:00:00,root='VirtualRide',35189.9,3658,252.0,9.62,144.4,173.0,241.2,259.0,False,b7688713,35.1899,34.632
11263966847,2024-04-25 00:00:00,root='Swim',1150.0,1421,,0.809,127.6,170.0,,,True,,1.15,2.9124000000000003
11256532554,2024-04-24 00:00:00,root='VirtualRide',50094.6,5339,310.0,9.383,146.3,179.0,240.4,261.0,False,b7688713,50.0946,33.7788
11236733007,2024-04-22 00:00:00,root='Swim',1020.0,1493,,0.683,106.9,144.0,,,True,,1.02,2.4588
11211024072,2024-04-18 00:00:00,root='Ride',51416.6,5862,243.0,8.771,141.8,180.0,244.4,260.0,False,b7688713,51.416599999999995,31.575600000000005
11205252468,2024-04-17 00:00:00,root='VirtualRide',54622.4,6032,652.0,9.055,144.8,166.0,249.5,259.0,False,b7688713,54.6224,32.598
11200013949,2024-04-15 00:00:00,root='Swim',325.0,317,,1.025,92.4,131.0,,,True,,0.325,3.69
11174000205,2024-04-13 00:00:00,root='Ride',242583.0,29524,2690.0,8.216,138.8,177.0,194.2,237.0,False,b7688713,242.583,29.577599999999997
11152177987,2024-04-10 00:00:00,root='Swim',1550.0,1847,,0.839,108.8,166.0,,,True,,1.55,3.0204
11142970603,2024-04-09 00:00:00,root='VirtualRide',71397.5,7216,574.0,9.894,139.2,155.0,232.4,235.0,False,b7688713,71.3975,35.6184
11117318118,2024-04-06 00:00:00,root='Ride',126292.0,13931,93.0,9.066,138.7,162.0,232.1,235.0,False,b7688713,126.292,32.637600000000006
11112611633,2024-04-05 00:00:00,root='VirtualRide',52586.3,6130,825.0,8.579,137.4,160.0,242.0,255.0,False,b7688713,52.5863,30.884400000000003
11107488661,2024-04-04 00:00:00,root='VirtualRide',33788.9,3712,290.0,9.103,142.8,179.0,242.4,278.0,False,b7688713,33.7889,32.7708
11084602080,2024-04-01 00:00:00,root='VirtualRide',30156.3,3653,300.0,8.255,139.2,173.0,242.2,259.0,False,b7688713,30.156299999999998,29.718000000000004
11076399973,2024-03-31 00:00:00,root='Ride',85776.9,9974,181.0,8.6,127.7,154.0,216.6,218.0,False,b7688713,85.7769,30.96
11060412057,2024-03-29 00:00:00,root='Ride',82435.1,9794,165.0,8.417,128.4,158.0,199.3,207.0,False,b7688713,82.4351,30.3012
11049711683,2024-03-27 00:00:00,root='Workout',,2858,,,135.1,174.0,,,True,,,
11043378787,2024-03-26 00:00:00,root='Ride',51230.2,5165,26.0,9.919,136.4,161.0,234.1,242.0,False,b7688713,51.230199999999996,35.708400000000005
11039615079,2024-03-26 00:00:00,root='Ride',50223.4,5247,36.0,9.572,137.0,166.0,240.4,251.0,False,b7688713,50.2234,34.459199999999996
11028831583,2024-03-24 00:00:00,root='VirtualRide',72117.9,7283,506.0,9.902,141.9,169.0,250.5,265.0,False,b7688713,72.11789999999999,35.6472
11016177726,2024-03-22 00:00:00,root='VirtualRide',49234.8,4962,301.0,9.922,139.1,162.0,247.5,259.0,False,b7688713,49.2348,35.7192
10994100490,2024-03-19 00:00:00,root='Swim',1650.0,1981,,0.833,133.6,169.0,,,True,,1.65,2.9988
10993446689,2024-03-19 00:00:00,root='Snowboard',57124.5,12400,4763.7,4.607,,,,,False,,57.1245,16.5852
10986198254,2024-03-18 00:00:00,root='Hike',1400.7,1346,82.0,1.041,88.4,118.0,,,False,,1.4007,3.7476
10985415148,2024-03-18 00:00:00,root='Snowboard',35941.5,9929,4247.5,3.62,,,,,False,,35.9415,13.032
10981176835,2024-03-17 00:00:00,root='Swim',1700.0,2113,,0.805,140.0,168.0,,,True,,1.7,2.898
10979741522,2024-03-17 00:00:00,root='Snowboard',56354.6,12542,5484.4,4.493,,,,,False,,56.3546,16.1748
10972863522,2024-03-16 00:00:00,root='Snowboard',63944.1,14148,6604.9,4.52,,,,,False,,63.9441,16.272
10964988840,2024-03-15 00:00:00,root='Snowboard',70943.1,15240,6313.9,4.655,,,,,False,,70.9431,16.758000000000003
10958634184,2024-03-14 00:00:00,root='Snowboard',80163.6,16530,7183.7,4.85,,,,,False,,80.1636,17.46
10930762740,2024-03-10 00:00:00,root='Run',21330.1,5693,60.0,3.747,164.1,180.0,460.8,460.0,False,g19996925,21.330099999999998,13.4892
10915638707,2024-03-08 00:00:00,root='Swim',1500.0,1870,,0.802,122.7,173.0,,,True,,1.5,2.8872000000000004
10911502052,2024-03-07 00:00:00,root='Ride',50996.0,5193,33.0,9.82,127.8,138.0,214.8,214.0,False,b7688713,50.996,35.352000000000004
10907843619,2024-03-07 00:00:00,root='Ride',50744.6,6164,48.0,8.232,136.5,146.0,235.3,233.0,False,b7688713,50.7446,29.635199999999998
10896445959,2024-03-05 00:00:00,root='Run',9016.4,2562,18.0,3.519,138.5,152.0,433.8,430.0,False,g19996925,9.016399999999999,12.6684
10890916392,2024-03-04 00:00:00,root='VirtualRide',36248.2,3636,157.0,9.969,81.4,167.0,235.2,267.0,False,b7688713,36.2482,35.8884
10881064654,2024-03-03 00:00:00,root='Ride',115165.0,13271,200.0,8.678,124.8,164.0,203.1,213.0,False,b7688713,115.165,31.240800000000004
10872002300,2024-03-02 00:00:00,root='Run',13308.0,3869,113.0,3.44,152.1,175.0,440.6,436.0,False,g19996925,13.308,12.384
10866948388,2024-03-01 00:00:00,root='Swim',1525.0,2108,,0.723,137.2,169.0,,,True,,1.525,2.6028
10856298724,2024-02-28 00:00:00,root='Workout',,2991,,,119.7,190.0,,,True,,,
10848802515,2024-02-27 00:00:00,root='Ride',45025.4,4924,25.0,9.144,139.0,163.0,245.8,259.0,False,b7688713,45.025400000000005,32.9184
10843164352,2024-02-26 00:00:00,root='VirtualRide',36661.1,6620,1161.0,5.538,125.0,166.0,213.2,242.0,False,b7688713,36.6611,19.9368
10825860995,2024-02-24 00:00:00,root='VirtualRide',42960.1,6628,1232.0,6.482,139.3,165.0,247.8,263.0,False,b7688713,42.9601,23.3352
10815543593,2024-02-22 00:00:00,root='VirtualRide',31100.8,3523,369.0,8.828,129.1,141.0,252.4,260.0,False,b7688713,31.1008,31.7808
10806796770,2024-02-21 00:00:00,root='Run',5744.5,1624,24.0,3.537,155.6,176.0,465.5,478.0,False,g19996925,5.7445,12.7332
10802456777,2024-02-20 00:00:00,root='Run',11558.7,3710,27.0,3.116,140.5,149.0,392.2,390.0,False,g19996925,11.5587,11.217600000000001
10796465070,2024-02-19 00:00:00,root='VirtualRide',38510.9,5219,787.0,7.379,130.0,171.0,233.2,265.0,False,b7688713,38.5109,26.5644
10778954224,2024-02-17 00:00:00,root='Ride',112578.0,12866,92.0,8.75,139.0,175.0,230.3,239.0,False,b12356755,112.578,31.5
10768033003,2024-02-15 00:00:00,root='Ride',43011.9,4755,92.0,9.046,136.8,155.0,257.7,263.0,False,b12356755,43.011900000000004,32.565599999999996
10762029446,2024-02-14 00:00:00,root='Workout',,3069,,,132.7,164.0,,,True,,,
10752727051,2024-02-13 00:00:00,root='Run',6249.3,1801,23.0,3.47,150.9,173.0,459.2,469.0,False,g19996925,6.2493,12.492
10746274487,2024-02-12 00:00:00,root='Ride',71512.3,8765,102.0,8.159,117.7,163.0,234.8,243.0,False,b12356755,71.5123,29.372400000000003
10732975277,2024-02-10 00:00:00,root='Ride',64552.9,7756,96.0,8.323,136.2,163.0,249.7,249.0,False,b12356755,64.55290000000001,29.9628
10728607079,2024-02-09 00:00:00,root='VirtualRide',43402.5,5408,643.0,8.026,133.5,147.0,231.7,235.0,False,b7688713,43.4025,28.8936
10722827897,2024-02-08 00:00:00,root='VirtualRide',37919.9,4667,722.0,8.125,131.3,148.0,233.6,237.0,False,b7688713,37.9199,29.25
10713903660,2024-02-07 00:00:00,root='Run',5405.1,1508,8.0,3.584,164.2,184.0,459.7,457.0,False,g19996925,5.4051,12.9024
10686202301,2024-02-03 00:00:00,root='Ride',16932.9,2979,358.0,5.684,114.2,148.0,163.4,206.0,False,b7688713,16.9329,20.462400000000002
10681978234,2024-02-02 00:00:00,root='Ride',83205.8,16997,1525.0,4.895,126.0,160.0,172.6,,False,b7688712,83.2058,17.622
10675243971,2024-02-01 00:00:00,root='Hike',19615.1,17144,1354.0,1.144,109.9,148.0,,,False,,19.615099999999998,4.118399999999999
10669027057,2024-01-31 00:00:00,root='Ride',151306.0,21810,3706.0,6.937,138.1,171.0,223.3,264.0,False,b7688713,151.306,24.973200000000002
10660024463,2024-01-30 00:00:00,root='Ride',50584.1,7569,1201.0,6.683,125.4,144.0,212.1,235.0,False,b7688713,50.5841,24.0588
10654185203,2024-01-29 00:00:00,root='Ride',103942.0,14196,2517.0,7.322,146.9,172.0,234.3,264.0,False,b7688713,103.942,26.3592
10647103077,2024-01-28 00:00:00,root='Ride',87128.1,10684,1557.0,8.155,152.3,182.0,236.2,276.0,False,b7688713,87.1281,29.357999999999997
10619523082,2024-01-24 00:00:00,root='Run',6229.1,1797,110.0,3.466,151.2,170.0,463.3,459.0,False,g19996925,6.229100000000001,12.4776
10608716184,2024-01-22 00:00:00,root='VirtualRide',34902.7,3533,309.0,9.879,134.5,149.0,245.6,254.0,False,b7688713,34.902699999999996,35.5644
10602727944,2024-01-21 00:00:00,root='VirtualRide',86075.2,11928,1939.0,7.216,138.3,165.0,232.0,244.0,False,b7688713,86.0752,25.977600000000002
10583373100,2024-01-18 00:00:00,root='VirtualRide',33067.0,3614,428.0,9.15,12.5,120.0,225.9,229.0,False,b7688713,33.067,32.940000000000005
10578283988,2024-01-17 00:00:00,root='VirtualRide',37469.2,5420,854.0,6.913,129.9,145.0,220.0,224.0,False,b7688713,37.469199999999994,24.8868
10565632156,2024-01-15 00:00:00,root='VirtualRide',51465.2,5428,294.0,9.481,133.7,165.0,229.1,248.0,False,b7688713,51.465199999999996,34.1316
10558162688,2024-01-14 00:00:00,root='VirtualRide',26349.4,6848,1535.0,3.848,131.5,151.0,225.5,236.0,False,b7688713,26.349400000000003,13.8528
10548938654,2024-01-13 00:00:00,root='Ride',37927.9,4189,137.0,9.054,166.7,179.0,299.4,311.0,False,b12356755,37.9279,32.5944
10539205076,2024-01-11 00:00:00,root='VirtualRide',52087.8,5419,383.0,9.612,133.4,153.0,234.8,245.0,False,b7688713,52.0878,34.6032
10530836404,2024-01-10 00:00:00,root='Run',5228.4,1423,12.0,3.674,148.1,170.0,467.1,465.0,False,g19996925,5.2284,13.2264
10520287178,2024-01-08 00:00:00,root='VirtualRide',41307.2,4610,359.0,8.96,127.6,153.0,226.0,241.0,False,b7688713,41.307199999999995,32.25600000000001
10512381561,2024-01-07 00:00:00,root='Ride',47555.7,5707,286.0,8.333,122.8,133.0,202.5,204.0,False,b7688713,47.555699999999995,29.998800000000003
10505778365,2024-01-06 00:00:00,root='Ride',32253.1,4752,279.0,6.787,165.0,178.0,287.4,298.0,False,b12356755,32.253099999999996,24.4332
10499864618,2024-01-05 00:00:00,root='VirtualRide',32375.4,3561,373.0,9.092,0.1,104.0,221.6,222.0,False,b7688713,32.3754,32.7312
10493900853,2024-01-04 00:00:00,root='Run',8220.1,2390,10.0,3.439,152.7,178.0,431.5,416.0,False,g19996925,8.2201,12.3804
10487104664,2024-01-03 00:00:00,root='Workout',,2404,,,125.5,179.0,,,True,,,
10481846932,2024-01-02 00:00:00,root='VirtualRide',28593.8,5395,1211.0,5.3,140.2,162.0,246.1,254.0,False,b7688713,28.593799999999998,19.08
10469537455,2023-12-31 00:00:00,root='Swim',1575.0,2257,,0.698,126.8,151.0,,,True,,1.575,2.5128
10467970908,2023-12-31 00:00:00,root='AlpineSki',34195.2,5688,3151.0,6.012,,,,,False,,34.1952,21.6432
10463054859,2023-12-30 00:00:00,root='AlpineSki',12831.5,1911,,6.715,81.6,119.0,,,False,,12.8315,24.174
10463072352,2023-12-30 00:00:00,root='AlpineSki',81424.4,15377,6954.5,5.295,,,,,False,,81.42439999999999,19.062
10457297586,2023-12-29 00:00:00,root='Swim',1350.0,1884,,0.717,124.4,156.0,,,True,,1.35,2.5812
10456484040,2023-12-29 00:00:00,root='AlpineSki',37223.8,8226,3927.8,4.525,,,,,False,,37.223800000000004,16.290000000000003
10455642451,2023-12-29 00:00:00,root='AlpineSki',9008.2,1153,,7.813,91.2,139.0,,,False,,9.0082,28.1268
10446036903,2023-12-27 00:00:00,root='VirtualRide',41755.6,3916,266.0,10.663,137.1,166.0,237.8,257.0,False,b7688713,41.7556,38.3868
10438908591,2023-12-26 00:00:00,root='Ride',74510.3,9031,408.0,8.251,146.7,183.0,254.1,253.0,False,b12356755,74.5103,29.703599999999998
10429697345,2023-12-24 00:00:00,root='VirtualRide',50204.8,4682,188.0,10.723,131.0,151.0,253.8,264.0,False,b7688713,50.204800000000006,38.6028
10429058746,2023-12-24 00:00:00,root='VirtualRide',6719.0,897,109.0,7.491,112.4,137.0,216.0,232.0,False,b7688713,6.719,26.9676
10424035614,2023-12-23 00:00:00,root='Run',13237.3,4144,60.0,3.194,160.9,178.0,418.9,417.0,False,g19996925,13.2373,11.4984
10410597186,2023-12-20 00:00:00,root='Workout',,2596,,,144.2,192.0,,,True,,,
10405865788,2023-12-19 00:00:00,root='VirtualRide',27486.6,2868,316.0,9.584,131.2,157.0,242.1,260.0,False,b7688713,27.4866,34.5024
10395921052,2023-12-17 00:00:00,root='VirtualRide',18331.6,4399,1056.0,4.167,130.3,154.0,250.8,266.0,False,b7688713,18.331599999999998,15.001199999999999
10388073217,2023-12-16 00:00:00,root='Ride',40331.1,4945,216.0,8.156,160.6,177.0,257.6,278.0,False,b12356755,40.3311,29.361600000000003
10384845882,2023-12-15 00:00:00,root='Run',7795.1,2452,9.0,3.179,155.8,184.0,407.5,396.0,False,g19996925,7.795100000000001,11.4444
10365244989,2023-12-11 00:00:00,root='VirtualRide',26797.8,3614,528.0,7.415,136.7,181.0,240.9,271.0,False,b7688713,26.7978,26.694
10352612137,2023-12-09 00:00:00,root='VirtualRide',40330.7,6314,1286.0,6.388,140.1,165.0,241.9,264.0,False,b7688713,40.3307,22.9968
10338634384,2023-12-06 00:00:00,root='Workout',,3181,,,136.2,183.0,,,True,,,
10334073021,2023-12-05 00:00:00,root='Ride',69978.9,8236,208.0,8.497,146.5,164.0,210.1,213.0,False,b7688713,69.9789,30.5892
10328792720,2023-12-04 00:00:00,root='VirtualRide',31241.2,3974,418.0,7.861,131.5,151.0,228.6,241.0,False,b7688713,31.2412,28.299599999999998
10301823956,2023-11-29 00:00:00,root='Workout',,2583,,,145.9,191.0,,,True,,,
10258164154,2023-11-21 00:00:00,root='Ride',50015.0,5297,122.0,9.442,134.2,146.0,210.1,211.0,False,b7688713,50.015,33.9912
10255144127,2023-11-21 00:00:00,root='Ride',51007.5,5964,205.0,8.553,139.1,154.0,217.0,219.0,False,b7688713,51.0075,30.790800000000004
10239717394,2023-11-18 00:00:00,root='Ride',68415.7,8825,435.0,7.752,153.2,176.0,230.3,,False,b12356755,68.4157,27.9072
10195270032,2023-11-10 00:00:00,root='VirtualRide',55729.7,5435,281.0,10.254,139.5,175.0,249.8,262.0,False,b7688713,55.729699999999994,36.9144
10183593654,2023-11-08 00:00:00,root='Workout',,2166,,,144.0,202.0,,,True,,,
10178995148,2023-11-07 00:00:00,root='VirtualRide',30437.9,3018,262.0,10.085,149.2,171.0,288.2,296.0,False,b7688713,30.437900000000003,36.306000000000004
10165031484,2023-11-05 00:00:00,root='Run',8031.3,2570,96.0,3.125,158.9,176.0,405.0,408.0,False,g19996925,8.0313,11.25
10165026108,2023-11-04 00:00:00,root='Hike',3136.1,4328,331.0,0.725,120.9,155.0,,,False,,3.1361,2.61
10149125280,2023-11-01 00:00:00,root='Hike',9440.8,7987,140.0,1.182,92.1,129.0,,,False,,9.4408,4.2552
10125118999,2023-10-29 00:00:00,root='Ride',109985.0,16114,878.0,6.825,146.5,183.0,205.4,,False,b12356755,109.985,24.57
10102797947,2023-10-25 00:00:00,root='Workout',,2630,,,136.2,169.0,,,True,,,
10092260264,2023-10-23 00:00:00,root='VirtualRide',30942.7,3639,285.0,8.503,130.4,148.0,230.1,239.0,False,b7688713,30.942700000000002,30.6108
10082046825,2023-10-22 00:00:00,root='Run',9046.2,2794,7.0,3.238,155.5,173.0,405.8,401.0,False,g19996925,9.0462,11.6568
10024175362,2023-10-12 00:00:00,root='Run',5963.4,1718,22.8,3.471,148.0,162.0,,,False,g19996925,5.9634,12.495600000000001
9994533119,2023-10-07 00:00:00,root='Ride',218298.0,27761,974.0,7.863,135.0,164.0,225.5,,False,b12356755,218.298,28.306800000000003
9976955630,2023-10-04 00:00:00,root='Ride',35648.5,5096,349.0,6.995,141.6,176.0,220.4,,False,b12356755,35.6485,25.182000000000002
9969657855,2023-10-03 00:00:00,root='Run',9218.9,2403,9.4,3.836,163.4,189.0,,,False,g19996925,9.2189,13.8096
9955172407,2023-10-01 00:00:00,root='Ride',70093.5,7763,340.0,9.029,131.6,171.0,214.4,221.0,False,b7688713,70.0935,32.504400000000004
9932021114,2023-09-27 00:00:00,root='Ride',51056.9,5314,164.0,9.608,141.1,160.0,240.8,246.0,False,b7688713,51.0569,34.588800000000006
9928780687,2023-09-27 00:00:00,root='Ride',50811.2,5439,144.0,9.342,140.6,156.0,224.8,229.0,False,b7688713,50.8112,33.6312
9910566517,2023-09-24 00:00:00,root='Sail',21110.1,7183,246.0,2.939,,,,,False,,21.1101,10.580400000000001
9905936509,2023-09-23 00:00:00,root='Ride',51677.9,6678,154.0,7.739,139.5,162.0,225.6,,False,b12356755,51.6779,27.8604
9904083723,2023-09-23 00:00:00,root='Sail',17862.7,7184,,2.486,,,,,False,,17.8627,8.9496
9869344790,2023-09-17 00:00:00,root='EBikeRide',20138.3,1850,64.0,10.886,,,318.3,,False,b13221521,20.1383,39.1896
9866382085,2023-09-17 00:00:00,root='Run',16157.0,4385,29.6,3.685,170.9,184.0,,,False,,16.157,13.266
9859947521,2023-09-16 00:00:00,root='Sail',7120.1,6816,16.7,1.045,,,,,False,,7.120100000000001,3.762
9858019994,2023-09-16 00:00:00,root='Run',3941.8,1198,7.1,3.29,143.7,158.0,,,False,,3.9418,11.844000000000001
9846701940,2023-09-14 00:00:00,root='Run',5507.3,1455,4.8,3.785,,,,,False,,5.5073,13.626000000000001
9842256477,2023-09-13 00:00:00,root='EBikeRide',50161.2,4291,191.0,11.69,,,358.1,,False,b13221521,50.161199999999994,42.083999999999996
9839435976,2023-09-13 00:00:00,root='EBikeRide',48555.0,4567,401.0,10.632,,,298.1,,False,b13221521,48.555,38.2752
9836829577,2023-09-12 00:00:00,root='Ride',41414.4,4678,11.0,8.853,,,220.6,220.0,False,b7688713,41.4144,31.8708
9822085938,2023-09-10 00:00:00,root='Ride',154696.0,18851,2387.0,8.206,,,197.0,253.0,False,b7688713,154.696,29.5416
9813881939,2023-09-09 00:00:00,root='Ride',47792.3,6211,867.0,7.695,135.2,167.0,218.0,263.0,False,b7688713,47.792300000000004,27.702
9808241560,2023-09-08 00:00:00,root='Ride',109403.0,12602,1571.0,8.681,138.4,178.0,223.1,266.0,False,b7688713,109.403,31.251599999999996
9799865268,2023-09-07 00:00:00,root='Run',6084.6,1632,2.1,3.728,153.6,169.0,,,False,,6.0846,13.420800000000002
9790849219,2023-09-05 00:00:00,root='Ride',94364.3,8992,1.0,10.494,151.1,169.0,237.7,255.0,False,b7688713,94.3643,37.7784
9775866937,2023-09-03 00:00:00,root='Ride',94235.6,12453,57.0,7.567,111.1,127.0,206.5,,False,b12356755,94.2356,27.241200000000003
9769874048,2023-09-02 00:00:00,root='Ride',84628.4,10703,73.0,7.907,131.5,156.0,222.4,,False,b12356755,84.6284,28.4652
9755014143,2023-08-31 00:00:00,root='Run',5870.0,1600,9.7,3.669,160.5,174.0,,,False,,5.87,13.208400000000001
9745200692,2023-08-29 00:00:00,root='Ride',57983.6,4524,,12.817,,,285.4,301.0,False,b7688713,57.983599999999996,46.141200000000005
9726038316,2023-08-26 00:00:00,root='Run',8063.6,2682,67.3,3.007,47.9,147.0,,,False,,8.063600000000001,10.8252
9700593575,2023-08-22 00:00:00,root='Ride',56691.6,4591,2.0,12.348,148.7,167.0,274.6,290.0,False,b7688713,56.6916,44.4528
9686274608,2023-08-20 00:00:00,root='Ride',98219.1,10722,110.0,9.161,146.0,170.0,247.3,250.0,False,b7688713,98.21910000000001,32.9796
9673253921,2023-08-18 00:00:00,root='Ride',30119.7,3098,8.0,9.722,147.0,174.0,357.0,,False,b12356755,30.1197,34.9992
9665007095,2023-08-17 00:00:00,root='Run',5209.8,1411,16.0,3.692,160.7,184.0,,,False,,5.2098,13.291200000000002
9661840859,2023-08-16 00:00:00,root='Ride',41413.7,5364,206.0,7.721,138.0,173.0,245.4,,False,b12356755,41.4137,27.7956
9639035692,2023-08-13 00:00:00,root='Ride',94435.3,11137,888.0,8.479,134.3,169.0,219.9,248.0,False,b7688713,94.4353,30.524399999999996
9634055693,2023-08-12 00:00:00,root='Ride',163014.0,20654,2508.0,7.893,142.0,172.0,220.4,258.0,False,b7688713,163.014,28.4148
9614547654,2023-08-09 00:00:00,root='Ride',51436.7,5868,5.0,8.766,130.7,145.0,224.2,227.0,False,b7688713,51.436699999999995,31.5576
9610973822,2023-08-09 00:00:00,root='Ride',50729.7,5357,,9.47,132.7,148.0,211.2,215.0,False,b7688713,50.729699999999994,34.092000000000006
9601768668,2023-08-07 00:00:00,root='Ride',34396.9,4777,185.6,7.201,142.8,179.0,227.4,,False,b12356755,34.3969,25.9236
9593845423,2023-08-06 00:00:00,root='Ride',19637.2,4104,260.0,4.785,,,141.8,,False,b12356755,19.6372,17.226000000000003
9587924071,2023-08-05 00:00:00,root='Ride',36123.0,8020,624.0,4.504,131.5,179.0,139.6,,False,b12356755,36.123,16.214399999999998
9570492297,2023-08-02 00:00:00,root='Run',9213.9,2740,10.4,3.363,153.1,170.0,,,False,,9.213899999999999,12.1068
9549675319,2023-07-30 00:00:00,root='Ride',73435.9,10099,231.0,7.272,126.7,171.0,206.8,,False,b12356755,73.43589999999999,26.1792
9543975194,2023-07-29 00:00:00,root='Ride',100984.0,15023,305.0,6.722,129.0,163.0,177.2,,False,b12356755,100.984,24.1992
9527549723,2023-07-26 00:00:00,root='Ride',47024.7,5113,14.0,9.197,136.6,163.0,233.5,235.0,False,b7688713,47.024699999999996,33.1092
9519423285,2023-07-25 00:00:00,root='Ride',34020.9,3527,14.0,9.646,147.2,175.0,254.7,275.0,False,b7688713,34.020900000000005,34.72560000000001
9494217773,2023-07-21 00:00:00,root='Ride',16716.1,2391,407.0,6.991,137.7,175.0,232.4,287.0,False,b7688713,16.716099999999997,25.1676
9493130479,2023-07-21 00:00:00,root='Hike',4668.6,4226,231.9,1.105,,,,,False,,4.6686000000000005,3.978
9487540355,2023-07-20 00:00:00,root='Ride',110594.0,16587,2799.0,6.668,143.9,175.0,217.9,253.0,False,b7688713,110.594,24.0048
9481260178,2023-07-19 00:00:00,root='Hike',12092.3,8137,22.2,1.486,,,,,False,,12.0923,5.3496
9467993006,2023-07-17 00:00:00,root='Ride',106141.0,13511,1319.0,7.856,131.1,171.0,190.0,217.0,False,b7688713,106.141,28.2816
9462415736,2023-07-16 00:00:00,root='Ride',80599.5,10981,1579.0,7.34,142.8,184.0,215.5,249.0,False,b7688713,80.5995,26.424
9432712717,2023-07-11 00:00:00,root='Ride',57589.2,4672,1.0,12.326,163.0,186.0,262.2,285.0,False,b7688713,57.5892,44.3736
9410851456,2023-07-08 00:00:00,root='Ride',18997.3,4082,328.0,4.654,142.6,182.0,170.6,,False,b7688712,18.9973,16.7544
9401743855,2023-07-06 00:00:00,root='Ride',95611.9,9015,3.0,10.606,145.8,184.0,241.0,257.0,False,b7688713,95.61189999999999,38.1816
9388133432,2023-07-04 00:00:00,root='Ride',51572.4,5706,3.0,9.038,136.0,168.0,231.9,239.0,False,b7688713,51.5724,32.5368
9384691832,2023-07-04 00:00:00,root='Ride',38291.8,3803,6.0,10.069,135.2,151.0,220.0,221.0,False,b7688713,38.2918,36.248400000000004
9384369015,2023-07-03 00:00:00,root='Ride',12751.7,1374,7.0,9.281,136.4,172.0,235.8,233.0,False,b7688713,12.751700000000001,33.4116
9373542998,2023-07-02 00:00:00,root='Ride',67472.5,7101,5.0,9.502,142.9,175.0,233.3,248.0,False,b7688713,67.4725,34.2072
9358477838,2023-06-29 00:00:00,root='Ride',49081.3,5243,4.0,9.361,133.9,146.0,223.8,224.0,False,b7688713,49.081300000000006,33.699600000000004
9354639046,2023-06-29 00:00:00,root='Ride',50560.4,5269,3.0,9.596,132.1,147.0,201.8,200.0,False,b7688713,50.5604,34.5456
9345938355,2023-06-27 00:00:00,root='Ride',45407.5,4011,,11.321,156.3,189.0,255.3,279.0,False,b7688713,45.4075,40.7556
9326108907,2023-06-24 00:00:00,root='Ride',46700.5,5018,17.0,9.307,140.0,169.0,238.3,246.0,False,b7688713,46.7005,33.5052
9303228113,2023-06-20 00:00:00,root='Ride',51635.2,5606,6.0,9.211,133.2,152.0,236.4,239.0,False,b7688713,51.6352,33.159600000000005
9299123307,2023-06-20 00:00:00,root='Ride',50221.0,5186,4.0,9.684,138.6,168.0,234.1,244.0,False,b7688713,50.221,34.8624
9290035790,2023-06-18 00:00:00,root='Ride',30476.2,4517,192.0,6.747,130.6,166.0,207.1,,False,b12356755,30.476200000000002,24.2892
9282833466,2023-06-17 00:00:00,root='Ride',50151.4,5401,32.0,9.286,131.1,163.0,218.5,233.0,False,b7688713,50.1514,33.4296
9272563834,2023-06-15 00:00:00,root='Ride',80428.2,8204,3.0,9.804,139.3,193.0,205.6,231.0,False,b7688713,80.4282,35.2944
9238135711,2023-06-10 00:00:00,root='Ride',74073.2,8793,20.0,8.424,142.4,161.0,246.2,,False,b12356755,74.0732,30.3264
9221090394,2023-06-07 00:00:00,root='Ride',48482.0,4737,8.0,10.235,145.4,157.0,233.2,236.0,False,b7688713,48.482,36.846
9218460335,2023-06-07 00:00:00,root='Ride',50399.5,5884,12.0,8.566,139.5,154.0,234.7,234.0,False,b7688713,50.3995,30.837600000000002
9214776205,2023-06-06 00:00:00,root='Ride',49560.6,4851,6.0,10.217,143.3,169.0,243.8,241.0,False,b7688713,49.5606,36.781200000000005
9211679344,2023-06-06 00:00:00,root='Ride',50163.1,5623,3.0,8.921,141.7,160.0,241.6,240.0,False,b7688713,50.1631,32.1156
9194204525,2023-06-03 00:00:00,root='Ride',163253.0,16907,85.0,9.656,,,232.2,248.0,False,b7688713,163.253,34.7616
9184487795,2023-06-01 00:00:00,root='Ride',56341.5,4740,,11.886,167.5,186.0,263.5,278.0,False,b7688713,56.3415,42.7896
9156213219,2023-05-28 00:00:00,root='Ride',58425.2,6148,17.0,9.503,146.5,174.0,240.6,243.0,False,b7688713,58.4252,34.2108
9093898891,2023-05-18 00:00:00,root='Ride',34312.5,5690,245.0,6.03,122.5,164.0,173.4,,False,b12356755,34.3125,21.708000000000002
9069604597,2023-05-14 00:00:00,root='Ride',177677.0,21815,3348.0,8.145,153.0,171.0,232.3,261.0,False,b7688713,177.677,29.322
9062147369,2023-05-13 00:00:00,root='Ride',36939.7,5675,807.0,6.509,,,191.6,215.0,False,b7688713,36.939699999999995,23.4324
9053102274,2023-05-11 00:00:00,root='Ride',91854.8,12694,1827.0,7.236,,,229.5,257.0,False,b7688713,91.8548,26.049599999999998
9021761942,2023-05-06 00:00:00,root='Ride',113267.0,11886,24.0,9.529,140.6,176.0,231.4,240.0,False,b7688713,113.267,34.3044
9016255167,2023-05-05 00:00:00,root='VirtualRide',47678.9,5425,846.0,8.789,137.8,167.0,264.0,285.0,False,b7688713,47.6789,31.6404
9004297598,2023-05-03 00:00:00,root='Ride',42938.5,4953,55.0,8.669,129.2,147.0,202.6,209.0,False,b7688713,42.9385,31.2084
9001713756,2023-05-03 00:00:00,root='Run',6036.5,1507,18.3,4.006,164.1,179.0,,,False,,6.0365,14.421600000000002
8997687408,2023-05-02 00:00:00,root='Ride',51097.6,5368,7.0,9.519,132.2,166.0,227.4,233.0,False,b7688713,51.0976,34.2684
8994636426,2023-05-02 00:00:00,root='Ride',50481.6,5979,3.0,8.443,134.2,146.0,218.9,220.0,False,b7688713,50.4816,30.3948
8977375786,2023-04-29 00:00:00,root='Ride',147986.0,15334,238.0,9.651,152.3,175.0,255.0,255.0,False,b7688713,147.986,34.7436
8965376328,2023-04-27 00:00:00,root='Ride',31342.1,4521,34.0,6.933,148.3,170.0,172.5,,False,b12356755,31.3421,24.9588
8962685431,2023-04-26 00:00:00,root='Ride',76649.0,8403,2.0,9.122,138.0,181.0,213.7,233.0,False,b7688713,76.649,32.8392
8955217240,2023-04-25 00:00:00,root='VirtualRide',33322.0,3665,427.0,9.092,128.4,157.0,248.7,274.0,False,b7688713,33.322,32.7312
8934561859,2023-04-22 00:00:00,root='Ride',74661.1,8028,73.0,9.3,144.2,185.0,242.2,246.0,False,b7688713,74.6611,33.480000000000004
8926894677,2023-04-20 00:00:00,root='Ride',50946.4,5058,5.0,10.072,148.5,161.0,239.2,242.0,False,b7688713,50.946400000000004,36.2592
8923062485,2023-04-20 00:00:00,root='Ride',19083.4,2150,6.0,8.876,142.9,156.0,234.3,229.0,False,b7688713,19.0834,31.953599999999998
8919883471,2023-04-19 00:00:00,root='Ride',21804.3,2368,21.0,9.208,146.6,171.0,255.2,263.0,False,b7688713,21.804299999999998,33.1488
8917322907,2023-04-19 00:00:00,root='Ride',50928.1,6293,3.0,8.093,146.9,160.0,244.8,244.0,False,b7688713,50.9281,29.134800000000002
8885576942,2023-04-13 00:00:00,root='VirtualRide',21363.4,2205,122.0,9.689,126.0,136.0,200.1,205.0,False,b7688713,21.363400000000002,34.8804
8885356441,2023-04-13 00:00:00,root='VirtualRide',24370.5,2149,145.0,11.34,160.6,183.0,320.1,332.0,False,b7688713,24.3705,40.824
8880037093,2023-04-12 00:00:00,root='VirtualRide',35653.3,3617,179.0,9.857,,,246.5,259.0,False,b7688713,35.6533,35.4852
8851823339,2023-04-08 00:00:00,root='Ride',64606.5,7162,22.0,9.021,144.4,160.0,242.2,244.0,False,b7688713,64.6065,32.47560000000001
8837951198,2023-04-05 00:00:00,root='Ride',58043.1,6437,5.0,9.017,136.7,155.0,228.9,234.0,False,b7688713,58.043099999999995,32.4612
8835346770,2023-04-05 00:00:00,root='Ride',50869.6,5764,2.0,8.825,141.4,163.0,230.7,235.0,False,b7688713,50.8696,31.77
8832132171,2023-04-04 00:00:00,root='Run',6727.2,1984,6.9,3.391,141.8,158.0,,,False,,6.7272,12.207600000000001
8820256845,2023-04-02 00:00:00,root='Ride',62466.0,7511,11.0,8.317,,,203.0,209.0,False,b7688713,62.466,29.941200000000002
8809285487,2023-03-31 00:00:00,root='VirtualRide',40195.9,4722,391.0,8.512,,,246.2,273.0,False,b7688713,40.1959,30.643200000000004
8796412070,2023-03-29 00:00:00,root='Run',6018.8,1589,11.3,3.788,161.9,179.0,,,False,,6.018800000000001,13.6368
8792722752,2023-03-28 00:00:00,root='VirtualRide',51155.8,5479,583.0,9.337,130.8,151.0,250.8,263.0,False,b7688713,51.155800000000006,33.6132
8779781528,2023-03-26 00:00:00,root='Ride',90675.8,10673,79.0,8.496,130.8,155.0,206.2,211.0,False,b7688713,90.67580000000001,30.585600000000003
8770344157,2023-03-24 00:00:00,root='VirtualRide',36209.8,3611,125.0,10.028,133.3,155.0,237.0,253.0,False,b7688713,36.2098,36.1008
8754629018,2023-03-21 00:00:00,root='VirtualRide',48193.0,6053,1117.0,7.962,142.1,172.0,263.8,284.0,False,b7688713,48.193,28.6632
8742570404,2023-03-19 00:00:00,root='VirtualRide',37531.2,3989,168.0,9.409,124.7,161.0,220.0,256.0,False,b7688713,37.5312,33.872400000000006
8735413879,2023-03-18 00:00:00,root='Ride',82634.7,9641,97.0,8.571,131.1,150.0,198.1,199.0,False,b7688713,82.6347,30.8556
8725459390,2023-03-16 00:00:00,root='Ride',26822.3,3021,9.0,8.879,140.8,152.0,240.0,241.0,False,b7688713,26.8223,31.964399999999998
8717755433,2023-03-15 00:00:00,root='Run',6121.2,1637,13.0,3.739,,,,,False,,6.1212,13.4604
8703867163,2023-03-12 00:00:00,root='VirtualRide',33039.6,3613,304.0,9.145,141.0,163.0,259.9,276.0,False,b7688713,33.0396,32.922
8695738771,2023-03-11 00:00:00,root='Ride',73944.1,8264,12.0,8.948,157.4,177.0,252.3,253.0,False,b7688713,73.9441,32.2128
8677051479,2023-03-07 00:00:00,root='VirtualRide',56094.6,5627,376.0,9.969,138.1,172.0,250.1,272.0,False,b7688713,56.0946,35.8884
8663111891,2023-03-05 00:00:00,root='VirtualRide',41243.7,5481,923.0,7.525,149.6,184.0,250.7,267.0,False,b7688713,41.2437,27.090000000000003
8657573050,2023-03-04 00:00:00,root='Ride',34503.8,6716,278.4,5.138,,,192.6,,False,b7688712,34.503800000000005,18.4968
8643367836,2023-03-01 00:00:00,root='Run',7317.8,2298,2.4,3.184,146.7,176.0,,,False,,7.3178,11.4624
8637728669,2023-02-28 00:00:00,root='VirtualRide',33113.6,3611,232.0,9.17,136.8,162.0,234.0,246.0,False,b7688713,33.1136,33.012
8624958609,2023-02-26 00:00:00,root='Ride',50017.7,6245,43.0,8.009,131.2,148.0,200.0,202.0,False,b7688713,50.0177,28.832400000000003
8615347568,2023-02-24 00:00:00,root='VirtualRide',20719.9,2194,120.0,9.444,132.0,151.0,219.9,226.0,False,b7688713,20.719900000000003,33.998400000000004
8603224869,2023-02-22 00:00:00,root='Run',6032.9,1562,14.1,3.862,168.9,187.0,,,False,,6.0329,13.9032
8599533099,2023-02-21 00:00:00,root='VirtualRide',18252.0,2052,216.0,8.895,,,199.3,205.0,False,b7688713,18.252,32.022
8581657747,2023-02-18 00:00:00,root='Ride',24383.2,3275,15.0,7.445,117.9,138.0,159.8,156.0,False,b7688713,24.383200000000002,26.802000000000003
8564561035,2023-02-15 00:00:00,root='Run',6012.5,1548,26.2,3.884,173.0,192.0,,,False,,6.0125,13.9824
8537206891,2023-02-10 00:00:00,root='Snowboard',35924.5,6621,3464.6,5.426,,,,,False,,35.9245,19.5336
8533372073,2023-02-09 00:00:00,root='Snowboard',106719.0,19244,9329.2,5.546,,,,,False,,106.719,19.965600000000002
8527800766,2023-02-08 00:00:00,root='Snowboard',59199.5,11770,6887.8,5.03,,,,,False,,59.1995,18.108
8520940158,2023-02-07 00:00:00,root='Snowboard',63020.8,12857,6621.4,4.902,,,,,False,,63.0208,17.6472
8515158198,2023-02-06 00:00:00,root='Snowboard',30937.2,6452,3081.2,4.795,,,,,False,,30.9372,17.262
8465638141,2023-01-28 00:00:00,root='Ride',35652.2,4742,283.0,7.518,110.1,132.0,157.8,180.0,False,b7688713,35.6522,27.064799999999998
8461130589,2023-01-27 00:00:00,root='Ride',129203.0,20498,3357.0,6.303,137.2,169.0,213.0,244.0,False,b7688713,129.203,22.6908
8455634806,2023-01-26 00:00:00,root='Ride',30934.2,5488,1057.0,5.637,133.6,163.0,219.2,255.0,False,b7688713,30.9342,20.2932
8450703260,2023-01-25 00:00:00,root='Ride',145674.0,20608,3092.0,7.069,136.1,168.0,203.9,238.0,False,b7688713,145.674,25.4484
8444923919,2023-01-24 00:00:00,root='Ride',112315.0,14943,2258.0,7.516,141.0,178.0,214.9,257.0,False,b7688713,112.315,27.0576
8439380581,2023-01-23 00:00:00,root='Ride',41064.6,5467,874.0,7.511,145.8,170.0,217.7,253.0,False,b7688713,41.0646,27.0396
8439380464,2023-01-23 00:00:00,root='Ride',20097.2,3097,463.0,6.489,,,195.8,220.0,False,b7688713,20.0972,23.3604
8427020751,2023-01-21 00:00:00,root='VirtualRide',51836.4,5118,367.0,10.128,149.1,178.0,254.1,276.0,False,b7688713,51.836400000000005,36.4608
8413243433,2023-01-18 00:00:00,root='VirtualRide',40338.5,3848,348.0,10.483,142.2,167.0,255.1,276.0,False,b7688713,40.3385,37.738800000000005
8390641722,2023-01-14 00:00:00,root='VirtualRide',55582.5,6324,707.0,8.789,149.3,176.0,259.7,276.0,False,b7688713,55.5825,31.6404
8386203660,2023-01-13 00:00:00,root='VirtualRide',32384.3,3831,536.0,8.453,,,250.3,266.0,False,b7688713,32.384299999999996,30.430799999999998
8375849706,2023-01-11 00:00:00,root='VirtualRide',33804.3,3544,396.0,9.538,13.4,125.0,269.4,285.0,False,b7688713,33.804300000000005,34.336800000000004
8357708469,2023-01-08 00:00:00,root='Ride',36531.3,4415,51.0,8.274,140.4,171.0,173.8,,False,b7688713,36.5313,29.786399999999997
8352200135,2023-01-07 00:00:00,root='Ride',38131.8,4950,81.0,7.703,169.9,187.0,172.4,,False,b7688713,38.131800000000005,27.730800000000002
8317042716,2022-12-31 00:00:00,root='VirtualRide',21569.9,6339,1535.0,3.403,139.3,173.0,246.4,254.0,False,b7688713,21.5699,12.2508
8308436453,2022-12-29 00:00:00,root='VirtualRide',31815.0,3624,277.0,8.779,140.7,164.0,238.5,261.0,False,b7688713,31.815,31.604400000000002
8308181169,2022-12-29 00:00:00,root='VirtualRide',15760.5,1820,115.0,8.66,121.6,153.0,187.0,206.0,False,b7688713,15.7605,31.176000000000002
8292128366,2022-12-26 00:00:00,root='VirtualRide',53194.1,5425,208.0,9.805,148.0,170.0,250.0,263.0,False,b7688713,53.1941,35.298
8270050400,2022-12-20 00:00:00,root='VirtualRide',18356.1,2307,304.0,7.957,130.8,180.0,213.2,269.0,False,b7688713,18.356099999999998,28.6452
8261870711,2022-12-18 00:00:00,root='IceSkate',32094.4,7015,9.5,4.575,,,,,False,,32.0944,16.470000000000002
8258755410,2022-12-17 00:00:00,root='VirtualRide',83634.4,7824,124.0,10.689,144.7,163.0,259.5,270.0,False,b7688713,83.6344,38.4804
8251960671,2022-12-15 00:00:00,root='VirtualRide',27404.1,2613,139.0,10.488,144.5,157.0,266.1,268.0,False,b7688713,27.4041,37.7568
8251816487,2022-12-15 00:00:00,root='VirtualRide',3857.7,476,6.0,8.104,94.6,117.0,156.9,166.0,False,b7688713,3.8577,29.1744
8247082828,2022-12-14 00:00:00,root='Run',6125.4,1568,23.6,3.907,,,,,False,,6.1254,14.0652
8236524887,2022-12-11 00:00:00,root='Run',15180.2,4123,70.1,3.682,177.0,192.0,,,False,,15.180200000000001,13.2552
8228095194,2022-12-09 00:00:00,root='Run',7909.7,2240,6.7,3.531,158.0,178.0,,,False,,7.9097,12.7116
8214309852,2022-12-06 00:00:00,root='Run',10486.3,3000,13.1,3.495,166.8,184.0,,,False,,10.4863,12.582
8208060134,2022-12-04 00:00:00,root='VirtualRide',18635.0,2638,296.0,7.064,142.5,175.0,224.0,272.0,False,b7688713,18.635,25.430400000000002
8181030274,2022-11-28 00:00:00,root='Run',8415.6,2722,6.8,3.092,157.0,188.0,,,False,,8.4156,11.1312
8149659418,2022-11-21 00:00:00,root='Run',10404.7,3062,13.1,3.398,166.4,182.0,,,False,,10.4047,12.232800000000001
8102981992,2022-11-11 00:00:00,root='Ride',50917.7,5886,5.0,8.651,,,216.1,215.0,False,b7688713,50.917699999999996,31.1436
8100243598,2022-11-11 00:00:00,root='Ride',29133.7,2898,1.0,10.053,,,227.1,230.0,False,b7688713,29.1337,36.1908
8097966799,2022-11-10 00:00:00,root='Ride',40017.1,4660,51.0,8.587,,,212.4,214.0,False,b7688713,40.0171,30.9132
8071423048,2022-11-05 00:00:00,root='Sail',14929.9,6122,3.2,2.439,,,,,False,,14.9299,8.7804
8063554629,2022-11-03 00:00:00,root='Ride',49046.0,5732,15.0,8.557,,,230.2,233.0,False,b7688713,49.046,30.805200000000003
8061182989,2022-11-03 00:00:00,root='Ride',29050.1,2980,2.0,9.748,,,244.7,243.0,False,b7688713,29.050099999999997,35.0928
8058901181,2022-11-02 00:00:00,root='Ride',18664.3,2009,6.0,9.29,,,240.4,245.0,False,b7688713,18.6643,33.443999999999996
8056667307,2022-11-01 00:00:00,root='Run',5630.3,1923,6.7,2.928,,,,,False,,5.6303,10.5408
8037461610,2022-10-29 00:00:00,root='Ride',70342.4,7350,53.0,9.57,,,252.7,255.0,False,b7688713,70.3424,34.452000000000005
8028232609,2022-10-27 00:00:00,root='Ride',50347.8,5572,1.0,9.036,,,230.4,233.0,False,b7688713,50.3478,32.5296
8025695725,2022-10-27 00:00:00,root='Ride',50068.9,5683,5.0,8.81,,,216.4,219.0,False,b7688713,50.0689,31.716
8005748182,2022-10-23 00:00:00,root='Ride',46292.6,4897,11.0,9.453,,,243.4,246.0,False,b7688713,46.2926,34.0308
8003666221,2022-10-22 00:00:00,root='Ride',20083.5,2259,1.0,8.89,,,231.3,247.0,False,b7688713,20.0835,32.004000000000005
7988535069,2022-10-19 00:00:00,root='Ride',50530.9,5179,11.0,9.757,,,219.1,221.0,False,b7688713,50.5309,35.1252
7985996266,2022-10-19 00:00:00,root='Ride',29072.2,3232,2.0,8.995,145.5,155.0,233.4,234.0,False,b7688713,29.072200000000002,32.382
7983518939,2022-10-18 00:00:00,root='Ride',43867.8,4858,68.0,9.03,147.6,174.0,241.6,248.0,False,b7688713,43.8678,32.507999999999996
7971963242,2022-10-16 00:00:00,root='Sail',16676.3,5805,98.0,2.873,,,,,False,,16.676299999999998,10.3428
7966402984,2022-10-15 00:00:00,root='Sail',16055.7,5910,33.0,2.717,,,,,False,,16.0557,9.7812
7947404071,2022-10-11 00:00:00,root='Ride',51574.0,5773,5.0,8.934,145.7,168.0,230.6,234.0,False,b7688713,51.574,32.1624
7944821445,2022-10-11 00:00:00,root='Ride',50339.2,5589,3.0,9.007,145.9,166.0,224.5,226.0,False,b7688713,50.3392,32.4252
7926337751,2022-10-07 00:00:00,root='Ride',41089.3,4503,8.0,9.125,137.8,156.0,234.6,238.0,False,b7688713,41.0893,32.85
7916461666,2022-10-05 00:00:00,root='Ride',50129.0,6168,14.0,8.127,151.3,171.0,248.7,254.0,False,b7688713,50.129,29.257200000000005
7913736953,2022-10-05 00:00:00,root='Ride',29054.8,2809,7.0,10.343,144.1,174.0,232.8,241.0,False,b7688713,29.0548,37.2348
7911215780,2022-10-04 00:00:00,root='Ride',20116.1,2276,6.0,8.838,130.0,144.0,207.4,206.0,False,b7688713,20.1161,31.816799999999997
7906017507,2022-10-03 00:00:00,root='Run',7439.1,2077,6.6,3.582,152.3,171.0,,,False,,7.439100000000001,12.895199999999999
7899810981,2022-10-02 00:00:00,root='Ride',42727.1,4921,19.0,8.683,130.3,161.0,215.5,219.0,False,b7688713,42.7271,31.2588
7865434333,2022-09-25 00:00:00,root='Run',21266.1,6043,42.0,3.519,163.4,175.0,,,False,,21.266099999999998,12.6684
7850686950,2022-09-22 00:00:00,root='Run',10424.4,3024,6.7,3.447,156.7,182.0,,,False,,10.4244,12.4092
7834492857,2022-09-19 00:00:00,root='Run',13122.1,3840,5.5,3.417,151.1,173.0,,,False,,13.1221,12.3012
7821701573,2022-09-17 00:00:00,root='Run',10033.5,2691,6.9,3.729,,,,,False,,10.0335,13.4244
7808129552,2022-09-14 00:00:00,root='Run',10699.1,2944,7.0,3.634,,,,,False,,10.6991,13.0824
7789646420,2022-09-11 00:00:00,root='Run',17920.0,5788,9.0,3.096,149.6,170.0,,,False,,17.92,11.1456
7780503746,2022-09-09 00:00:00,root='Run',10393.1,2830,6.5,3.672,163.3,189.0,,,False,,10.3931,13.2192
7770688522,2022-09-07 00:00:00,root='Run',10436.2,2794,13.1,3.735,165.6,189.0,,,False,,10.436200000000001,13.446
7753273649,2022-09-04 00:00:00,root='Ride',154842.0,19796,2194.0,7.822,144.7,188.0,186.2,238.0,False,b7688713,154.842,28.159200000000002
7740563535,2022-09-02 00:00:00,root='Hike',6194.8,4844,16.5,1.279,,,,,False,,6.1948,4.6044
7737115819,2022-09-01 00:00:00,root='Hike',10056.2,9647,111.7,1.042,,,,,False,,10.0562,3.7512000000000003
7731461508,2022-08-31 00:00:00,root='Hike',12074.8,12236,441.1,0.987,,,,,False,,12.0748,3.5532
7731461239,2022-08-30 00:00:00,root='Hike',12914.4,11881,111.9,1.087,,,,,False,,12.914399999999999,3.9132
7731461423,2022-08-29 00:00:00,root='Hike',13532.2,13846,319.9,0.977,,,,,False,,13.532200000000001,3.5172
7731461220,2022-08-28 00:00:00,root='Hike',13103.5,12735,171.5,1.029,,,,,False,,13.1035,3.7043999999999997
7693312860,2022-08-24 00:00:00,root='Ride',46656.1,4319,1.0,10.803,,,274.0,280.0,False,b7688713,46.656099999999995,38.890800000000006
7690646825,2022-08-24 00:00:00,root='Ride',28985.0,3035,1.0,9.55,,,228.2,230.0,False,b7688713,28.985,34.38
7687541558,2022-08-23 00:00:00,root='Run',8488.5,2324,6.8,3.653,,,,,False,,8.4885,13.1508
7673706457,2022-08-21 00:00:00,root='Run',9186.0,2557,6.5,3.593,,,,,False,,9.186,12.934800000000001
7665483149,2022-08-19 00:00:00,root='Ride',81046.0,9165,28.0,8.843,,,218.7,222.0,False,b7688713,81.046,31.8348
7643358352,2022-08-15 00:00:00,root='Run',6740.0,1884,7.0,3.577,,,,,False,,6.74,12.8772
7636511913,2022-08-14 00:00:00,root='Ride',159629.0,17926,310.0,8.905,,,196.6,220.0,False,b7688713,159.629,32.058
7625845987,2022-08-12 00:00:00,root='Ride',88111.3,12046,1759.0,7.315,,,222.7,265.0,False,b7688713,88.1113,26.334000000000003
7620134510,2022-08-11 00:00:00,root='Ride',77403.9,8755,987.0,8.841,,,232.2,263.0,False,b7688713,77.4039,31.827599999999997
7614620023,2022-08-10 00:00:00,root='Ride',105212.0,14141,2006.0,7.44,,,218.4,259.0,False,b7688713,105.212,26.784000000000002
7609776995,2022-08-09 00:00:00,root='Ride',71053.6,9011,1208.0,7.885,,,225.1,277.0,False,b7688713,71.0536,28.386
7603054434,2022-08-08 00:00:00,root='Walk',10720.0,7945,229.7,1.349,,,,,False,,10.72,4.8564
7597866282,2022-08-07 00:00:00,root='Ride',110522.0,13671,1444.0,8.084,,,212.0,235.0,False,b7688713,110.522,29.1024
7592259497,2022-08-06 00:00:00,root='Ride',41282.6,5008,601.0,8.243,142.5,181.0,217.9,264.0,False,b7688713,41.282599999999995,29.6748
7577590607,2022-08-03 00:00:00,root='Ride',50110.6,5713,4.0,8.771,147.1,162.0,232.3,237.0,False,b7688713,50.1106,31.575600000000005
7573975478,2022-08-03 00:00:00,root='Ride',28992.4,2814,2.0,10.303,146.9,173.0,232.2,238.0,False,b7688713,28.9924,37.0908
7572202347,2022-08-02 00:00:00,root='Ride',20087.3,2065,2.0,9.728,134.3,178.0,218.3,225.0,False,b7688713,20.0873,35.0208
7555234977,2022-07-30 00:00:00,root='Ride',50058.4,5670,32.0,8.829,138.0,183.0,218.9,236.0,False,b7688713,50.0584,31.7844
7500490443,2022-07-20 00:00:00,root='Ride',49108.4,5146,4.0,9.543,151.8,167.0,252.5,260.0,False,b7688713,49.1084,34.3548
7497744848,2022-07-20 00:00:00,root='Ride',38908.7,3880,9.0,10.028,144.9,170.0,227.1,232.0,False,b7688713,38.908699999999996,36.1008
7497521215,2022-07-19 00:00:00,root='Ride',13056.0,1550,2.0,8.423,125.7,139.0,194.6,194.0,False,b7688713,13.056,30.3228
7485716984,2022-07-17 00:00:00,root='Ride',32555.1,3543,7.0,9.189,140.3,176.0,232.2,261.0,False,b7688713,32.555099999999996,33.080400000000004
7468515953,2022-07-14 00:00:00,root='Ride',49292.0,5336,6.0,9.238,140.9,156.0,236.6,238.0,False,b7688713,49.292,33.2568
7466061392,2022-07-14 00:00:00,root='Ride',50242.5,5568,3.0,9.023,138.1,154.0,231.1,230.0,False,b7688713,50.2425,32.4828
7452168570,2022-07-11 00:00:00,root='Run',10279.3,2868,13.1,3.584,159.9,175.0,,,False,,10.2793,12.9024
7445476743,2022-07-10 00:00:00,root='Ride',96208.1,10845,30.0,8.871,133.6,160.0,222.0,225.0,False,b7688713,96.2081,31.9356
7431189411,2022-07-07 00:00:00,root='Ride',50905.4,5279,1.0,9.643,147.7,164.0,246.4,246.0,False,b7688713,50.9054,34.714800000000004
7430601669,2022-07-07 00:00:00,root='Ride',29073.4,3114,3.0,9.336,145.0,163.0,245.5,248.0,False,b7688713,29.073400000000003,33.6096
7426518311,2022-07-06 00:00:00,root='Ride',18907.7,2009,5.0,9.411,134.1,160.0,223.3,224.0,False,b7688713,18.907700000000002,33.879599999999996
7421076111,2022-07-05 00:00:00,root='Ride',50242.3,5665,50.0,8.869,133.6,149.0,228.8,233.0,False,b7688713,50.2423,31.9284
7414915740,2022-07-04 00:00:00,root='Run',10103.3,2901,8.7,3.483,158.1,173.0,,,False,,10.103299999999999,12.5388
7410024268,2022-07-03 00:00:00,root='Ride',52312.8,5677,19.0,9.215,146.5,177.0,239.7,241.0,False,b7688713,52.3128,33.174
7407906476,2022-07-03 00:00:00,root='Ride',20660.0,2441,1.0,8.464,129.5,144.0,224.3,225.0,False,b7688713,20.66,30.4704
7401610699,2022-07-02 00:00:00,root='Ride',83680.2,9379,36.0,8.922,144.6,171.0,208.9,220.0,False,b7688713,83.6802,32.119200000000006
7377614157,2022-06-27 00:00:00,root='Run',6515.8,1858,6.6,3.507,162.0,180.0,,,False,,6.5158000000000005,12.625200000000001
7372488721,2022-06-26 00:00:00,root='Ride',73797.0,8382,28.0,8.804,139.8,164.0,226.1,231.0,False,b7688713,73.797,31.6944
7357233359,2022-06-23 00:00:00,root='Ride',51852.1,5336,15.0,9.717,147.9,171.0,243.7,244.0,False,b7688713,51.8521,34.9812
7346019302,2022-06-21 00:00:00,root='Ride',47005.1,5276,61.0,8.909,140.5,162.0,219.8,223.0,False,b7688713,47.0051,32.0724
7309001841,2022-06-14 00:00:00,root='Ride',50595.1,4558,,11.1,161.2,188.0,259.6,273.0,False,b7688713,50.595099999999995,39.96
7281484513,2022-06-09 00:00:00,root='Ride',55616.4,6121,19.0,9.086,145.6,166.0,230.5,234.0,False,b7688713,55.6164,32.7096
7253460900,2022-06-04 00:00:00,root='Ride',166420.0,18202,107.0,9.143,143.0,216.0,220.7,236.0,False,b7688713,166.42,32.91480000000001
7231060576,2022-05-31 00:00:00,root='Ride',48348.4,6160,352.0,7.849,127.5,149.0,169.1,,False,b7688713,48.3484,28.256400000000003
7221636299,2022-05-29 00:00:00,root='Ride',100248.0,14638,1454.0,6.848,128.8,175.0,168.3,,False,b7688713,100.248,24.6528
7215196397,2022-05-28 00:00:00,root='Ride',30792.0,5444,859.0,5.656,134.4,176.0,188.5,,False,b7688713,30.792,20.3616
7212019042,2022-05-27 00:00:00,root='Ride',47815.6,5923,322.0,8.073,135.6,162.0,165.7,,False,b7688713,47.815599999999996,29.062800000000003
7183996256,2022-05-22 00:00:00,root='Ride',100392.0,10300,24.0,9.747,151.8,176.0,247.6,255.0,False,b7688713,100.392,35.0892
7180565969,2022-05-21 00:00:00,root='Ride',29937.3,3409,7.0,8.782,136.8,150.0,232.2,236.0,False,b7688713,29.9373,31.6152
7158447742,2022-05-17 00:00:00,root='Ride',52395.6,5570,3.0,9.407,141.4,156.0,225.7,224.0,False,b7688713,52.3956,33.8652
7155745711,2022-05-17 00:00:00,root='Ride',50065.2,5341,4.0,9.374,145.2,167.0,229.4,233.0,False,b7688713,50.0652,33.7464
7146929462,2022-05-15 00:00:00,root='Ride',20759.6,2246,2.0,9.243,155.6,167.0,226.9,230.0,False,b7688713,20.7596,33.2748
7145294166,2022-05-15 00:00:00,root='Ride',64165.4,7118,10.0,9.015,147.2,167.0,234.5,234.0,False,b7688713,64.1654,32.454
7125648416,2022-05-11 00:00:00,root='Ride',40663.1,4550,35.0,8.937,139.7,170.0,238.5,246.0,False,b7688713,40.6631,32.1732
7114371522,2022-05-09 00:00:00,root='Run',6609.9,1817,6.7,3.638,164.4,179.0,,,False,,6.6099,13.0968
7101966770,2022-05-07 00:00:00,root='Ride',33342.9,3655,17.0,9.123,140.1,174.0,241.7,252.0,False,b7688713,33.3429,32.8428
7097906431,2022-05-06 00:00:00,root='Ride',36962.2,3874,6.0,9.541,149.2,176.0,260.5,269.0,False,b7688713,36.962199999999996,34.3476
7087792842,2022-05-04 00:00:00,root='Run',7322.4,1995,8.5,3.67,161.0,177.0,,,False,,7.3224,13.212
7071968876,2022-05-01 00:00:00,root='Ride',38956.8,4378,13.0,8.898,144.4,157.0,232.1,233.0,False,b7688713,38.9568,32.0328
7072035258,2022-05-01 00:00:00,root='Ride',22724.7,2223,3.0,10.223,141.8,170.0,241.3,259.0,False,b7688713,22.724700000000002,36.802800000000005
7063739679,2022-04-30 00:00:00,root='Ride',76146.1,8440,17.0,9.022,153.7,203.0,247.1,250.0,False,b7688713,76.1461,32.4792
7048004008,2022-04-27 00:00:00,root='Ride',55053.8,6046,59.0,9.106,155.2,175.0,187.2,,False,b7688713,55.0538,32.7816
7033258001,2022-04-24 00:00:00,root='Ride',74621.8,9358,1004.0,7.974,135.8,178.0,199.8,244.0,False,b7688713,74.62180000000001,28.706400000000002
7028587053,2022-04-23 00:00:00,root='Ride',123460.0,16786,1938.0,7.355,127.6,188.0,206.9,249.0,False,b7688713,123.46,26.478
7007082406,2022-04-19 00:00:00,root='Ride',67726.6,7607,68.0,8.903,135.6,156.0,224.4,226.0,False,b7688713,67.7266,32.0508
7001129580,2022-04-18 00:00:00,root='Ride',102409.0,11388,44.0,8.993,151.9,172.0,229.4,232.0,False,b7688713,102.409,32.3748
6992443942,2022-04-16 00:00:00,root='Ride',38161.7,7559,240.0,5.049,134.7,154.0,163.0,,False,b7688712,38.161699999999996,18.1764
6981858612,2022-04-14 00:00:00,root='Ride',52557.1,5405,20.0,9.724,156.5,185.0,240.5,253.0,False,b7688713,52.5571,35.0064
6976262927,2022-04-13 00:00:00,root='Ride',43964.4,5022,21.0,8.754,145.0,184.0,226.3,231.0,False,b7688713,43.964400000000005,31.5144
6958849652,2022-04-10 00:00:00,root='Ride',83197.8,8730,34.0,9.53,158.3,174.0,249.9,251.0,False,b7688713,83.1978,34.308
6923904046,2022-04-03 00:00:00,root='Ride',58851.0,6250,49.0,9.416,148.9,187.0,239.7,250.0,False,b7688713,58.851,33.897600000000004
6907686854,2022-03-30 00:00:00,root='Ride',38062.8,4155,11.0,9.161,151.4,178.0,245.8,251.0,False,b7688713,38.0628,32.9796
6876174926,2022-03-24 00:00:00,root='Ride',36004.6,3661,6.0,9.835,161.8,181.0,255.9,264.0,False,b7688713,36.004599999999996,35.406000000000006
6852176932,2022-03-20 00:00:00,root='Run',10089.8,2893,11.0,3.488,167.3,184.0,,,False,,10.089799999999999,12.5568
6847265468,2022-03-19 00:00:00,root='Ride',66783.4,8076,34.0,8.269,137.8,191.0,192.0,210.0,False,b7688713,66.7834,29.7684
6839209034,2022-03-17 00:00:00,root='Ride',45624.6,5692,9.0,8.016,130.2,165.0,181.3,187.0,False,b7688713,45.6246,28.8576
6828823151,2022-03-15 00:00:00,root='Ride',58654.5,6071,34.0,9.661,155.6,188.0,240.6,247.0,False,b7688713,58.6545,34.7796
6802466126,2022-03-10 00:00:00,root='Snowboard',58549.6,11831,6488.4,4.949,,,,,False,,58.5496,17.8164
6797835986,2022-03-09 00:00:00,root='Snowboard',64438.3,13606,7971.9,4.736,,,,,False,,64.4383,17.049599999999998
6792570560,2022-03-08 00:00:00,root='Snowboard',87377.0,16210,9873.2,5.39,,,,,False,,87.377,19.404
6787614533,2022-03-07 00:00:00,root='Snowboard',91644.6,17370,10743.6,5.276,,,,,False,,91.64460000000001,18.9936
6783083924,2022-03-06 00:00:00,root='Snowboard',65685.4,13266,6789.7,4.951,,,,,False,,65.68539999999999,17.8236
6752470266,2022-02-28 00:00:00,root='Run',6555.9,1808,6.4,3.626,157.0,172.0,,,False,,6.555899999999999,13.0536
6739368758,2022-02-26 00:00:00,root='Ride',56261.5,6168,19.0,9.122,154.1,185.0,240.3,251.0,False,b7688713,56.2615,32.8392
6717043905,2022-02-21 00:00:00,root='Run',10967.5,3083,6.3,3.557,89.0,89.0,,,False,,10.9675,12.8052
6706737936,2022-02-19 00:00:00,root='Ride',51936.1,5826,65.0,8.915,151.9,175.0,242.4,249.0,False,b7688713,51.936099999999996,32.094
6702320917,2022-02-18 00:00:00,root='Ride',21242.0,3382,521.0,6.281,133.6,158.0,192.0,,False,b7688713,21.242,22.6116
6688747657,2022-02-15 00:00:00,root='Run',11822.0,3442,2.2,3.435,118.8,150.0,,,False,,11.822,12.366
6675686424,2022-02-13 00:00:00,root='Ride',73436.5,8265,32.0,8.885,149.9,166.0,234.9,241.0,False,b7688713,73.4365,31.986
6646422200,2022-02-07 00:00:00,root='Run',10526.2,3307,8.7,3.183,150.8,164.0,,,False,,10.526200000000001,11.4588
6635076737,2022-02-05 00:00:00,root='Ride',55010.4,6441,50.0,8.541,141.3,159.0,200.1,207.0,False,b7688713,55.010400000000004,30.747600000000002
6633509216,2022-02-05 00:00:00,root='Ride',50075.4,5960,108.0,8.402,150.4,170.0,227.7,233.0,False,b7688713,50.0754,30.2472
6610475818,2022-01-31 00:00:00,root='Run',6667.3,1821,6.5,3.661,158.8,174.0,,,False,,6.6673,13.1796
6604638262,2022-01-30 00:00:00,root='Ride',86833.8,10183,22.0,8.527,140.5,159.0,219.5,223.0,False,b7688713,86.8338,30.6972
6585665002,2022-01-26 00:00:00,root='Ride',32856.4,3620,39.0,9.076,145.6,160.0,246.7,251.0,False,b7688713,32.8564,32.6736
6580339822,2022-01-25 00:00:00,root='Run',6765.7,1819,6.2,3.719,167.2,191.0,,,False,,6.7657,13.388399999999999
6570566771,2022-01-23 00:00:00,root='Ride',96473.3,11224,83.8,8.595,139.4,153.0,210.9,210.0,False,b7688713,96.47330000000001,30.942000000000004
6562724991,2022-01-22 00:00:00,root='Ride',60009.9,6563,75.0,9.144,156.0,184.0,244.5,253.0,False,b7688713,60.0099,32.9184
6559444118,2022-01-21 00:00:00,root='Run',6659.5,1871,6.3,3.559,163.9,184.0,,,False,,6.6595,12.8124
6532441648,2022-01-16 00:00:00,root='Run',16557.7,4880,7.1,3.393,160.2,174.0,,,False,,16.5577,12.2148
6525752213,2022-01-15 00:00:00,root='Ride',42233.9,6498,38.0,6.5,150.4,169.0,218.0,,False,b7688712,42.2339,23.400000000000002
6507256519,2022-01-11 00:00:00,root='Run',9310.6,2523,6.6,3.69,172.5,193.0,,,False,,9.3106,13.284
6498144282,2022-01-09 00:00:00,root='Ride',103035.0,12277,280.0,8.393,147.5,172.0,201.7,207.0,False,b7688713,103.035,30.214800000000004
6487105411,2022-01-07 00:00:00,root='Run',7284.4,2228,2.2,3.269,,,,,False,,7.2844,11.768400000000002
6456497977,2022-01-01 00:00:00,root='Snowboard',43002.2,9756,3691.8,4.408,,,,,False,,43.002199999999995,15.868800000000002
6452509689,2021-12-31 00:00:00,root='Snowboard',33601.1,7551,3822.2,4.45,,,,,False,,33.601099999999995,16.02
6447059746,2021-12-30 00:00:00,root='Snowboard',39119.1,7845,4538.6,4.987,,,,,False,,39.119099999999996,17.953200000000002
6438087990,2021-12-28 00:00:00,root='Snowboard',42809.7,12202,4301.3,3.508,,,,,False,,42.8097,12.6288
6433820641,2021-12-27 00:00:00,root='Snowboard',24605.1,6225,2843.8,3.953,,,,,False,,24.6051,14.2308
6416315013,2021-12-22 00:00:00,root='Run',14368.4,3958,4.9,3.63,175.8,193.0,,,False,,14.3684,13.068
6403887312,2021-12-19 00:00:00,root='Ride',83010.2,9326,99.0,8.901,148.7,171.0,235.8,237.0,False,b7688713,83.0102,32.0436
6383468267,2021-12-14 00:00:00,root='Ride',30021.3,4851,97.0,6.189,144.1,182.0,214.3,,False,b7688712,30.0213,22.2804
6371405550,2021-12-11 00:00:00,root='Ride',74407.0,8496,42.0,8.758,153.3,165.0,230.1,232.0,False,b7688713,74.407,31.528799999999997
6351493962,2021-12-06 00:00:00,root='Run',6687.0,1791,6.4,3.734,166.1,187.0,,,False,,6.687,13.442400000000001
6322310743,2021-11-29 00:00:00,root='Run',6412.5,1727,6.3,3.713,,,,,False,,6.4125,13.366800000000001
6287583757,2021-11-21 00:00:00,root='Ride',48228.8,5634,71.0,8.56,140.3,173.0,222.9,232.0,False,b7688713,48.2288,30.816000000000003
6275711384,2021-11-18 00:00:00,root='Ride',50369.0,5490,9.0,9.175,162.8,185.0,242.7,250.0,False,b7688713,50.369,33.03
6226038930,2021-11-07 00:00:00,root='Ride',67602.8,7942,118.0,8.512,137.0,161.0,218.7,220.0,False,b7688713,67.6028,30.643200000000004
6207101486,2021-11-03 00:00:00,root='Ride',53807.6,6075,14.0,8.857,147.4,165.0,236.0,236.0,False,b7688713,53.8076,31.885199999999998
6174785262,2021-10-27 00:00:00,root='Ride',56427.5,6349,94.0,8.888,149.1,178.0,245.5,249.0,False,b7688713,56.4275,31.9968
6160838428,2021-10-24 00:00:00,root='Ride',64697.0,6830,30.0,9.472,149.8,166.0,253.4,257.0,False,b7688713,64.697,34.099199999999996
6146193510,2021-10-21 00:00:00,root='Run',6708.4,1776,6.5,3.777,163.2,192.0,,,False,,6.708399999999999,13.5972
6126859043,2021-10-17 00:00:00,root='Ride',50863.7,5798,54.0,8.773,142.8,187.0,219.8,230.0,False,b7688713,50.863699999999994,31.5828
6119825751,2021-10-16 00:00:00,root='Ride',58483.1,6419,88.0,9.111,159.3,194.0,241.4,250.0,False,b7688713,58.4831,32.799600000000005
6113728824,2021-10-14 00:00:00,root='Ride',35441.9,4426,16.0,8.008,126.2,160.0,184.0,188.0,False,b7688713,35.441900000000004,28.828799999999998
6086049894,2021-10-09 00:00:00,root='Ride',71476.6,8245,67.0,8.669,155.4,195.0,226.9,233.0,False,b7688713,71.4766,31.2084
6057099236,2021-10-03 00:00:00,root='Windsurf',6603.6,4521,3.8,1.461,,,,,False,,6.6036,5.259600000000001
6051742631,2021-10-02 00:00:00,root='Windsurf',19162.4,7498,7.4,2.556,,,,,False,,19.1624,9.201600000000001
6029083937,2021-09-27 00:00:00,root='Ride',20249.8,2421,3.0,8.364,137.1,147.0,209.0,211.0,False,b7688713,20.2498,30.110400000000002
6028350118,2021-09-27 00:00:00,root='Ride',45423.5,5006,12.0,9.074,138.8,166.0,228.0,239.0,False,b7688713,45.4235,32.6664
6017611081,2021-09-25 00:00:00,root='Ride',164516.0,18461,43.0,8.912,144.9,179.0,210.6,214.0,False,b7688713,164.516,32.083200000000005
6003361834,2021-09-22 00:00:00,root='Ride',76190.0,8510,8.0,8.953,143.4,187.0,204.4,234.0,False,b7688713,76.19,32.2308
5991848894,2021-09-20 00:00:00,root='Ride',50164.5,5640,14.0,8.894,,,241.8,252.0,False,b7688713,50.1645,32.0184
5975926269,2021-09-17 00:00:00,root='Ride',51812.3,5532,36.0,9.366,148.4,190.0,248.1,254.0,False,b7688713,51.8123,33.7176
5965251913,2021-09-15 00:00:00,root='Ride',43172.5,4703,21.0,9.18,149.6,166.0,256.7,254.0,False,b7688713,43.1725,33.048
5955146809,2021-09-13 00:00:00,root='Ride',44679.3,4709,16.0,9.488,157.9,173.0,264.5,260.0,False,b7688713,44.679300000000005,34.1568
5941867707,2021-09-11 00:00:00,root='Kayaking',5335.7,2969,3.2,1.797,,,,,False,,5.3357,6.4692
5937279819,2021-09-10 00:00:00,root='Kayaking',16226.5,10585,30.9,1.533,,,,,False,,16.2265,5.5188
5932637231,2021-09-09 00:00:00,root='Kayaking',27600.1,16607,51.2,1.662,,,,,False,,27.600099999999998,5.9832
5927008178,2021-09-08 00:00:00,root='Kayaking',22244.4,14567,103.7,1.527,,,,,False,,22.244400000000002,5.497199999999999
5921897454,2021-09-07 00:00:00,root='Kayaking',28815.0,16343,15.9,1.763,,,,,False,,28.815,6.3468
5918778126,2021-09-06 00:00:00,root='Kayaking',23113.9,14413,,1.604,,,,,False,,23.1139,5.774400000000001
5910740490,2021-09-05 00:00:00,root='Kayaking',13149.7,7685,,1.711,,,,,False,,13.149700000000001,6.1596
5889381160,2021-09-01 00:00:00,root='Ride',50651.1,5584,39.0,9.071,135.1,165.0,238.4,248.0,False,b7688713,50.6511,32.6556
5878414787,2021-08-30 00:00:00,root='Run',15069.2,4245,19.6,3.55,159.6,174.0,,,False,,15.0692,12.78
5865785853,2021-08-28 00:00:00,root='Ride',78720.2,8446,120.0,9.32,159.6,185.0,253.0,261.0,False,b7688713,78.72019999999999,33.552
5846015059,2021-08-24 00:00:00,root='Run',6685.5,1686,7.2,3.965,170.8,186.0,,,False,,6.6855,14.274
5835368318,2021-08-22 00:00:00,root='Ride',49810.6,5620,21.0,8.863,140.0,166.0,231.9,236.0,False,b7688713,49.8106,31.9068
5830327790,2021-08-21 00:00:00,root='Ride',96631.7,10462,22.0,9.236,150.6,171.0,237.8,238.0,False,b7688713,96.6317,33.2496
5797755404,2021-08-15 00:00:00,root='Ride',75123.1,8100,54.0,9.274,154.7,174.0,254.1,260.0,False,b7688713,75.12310000000001,33.386399999999995
5781742904,2021-08-12 00:00:00,root='Run',8037.8,2086,31.8,3.853,,,,,False,,8.0378,13.870800000000001
5755121012,2021-08-07 00:00:00,root='Ride',28637.3,3976,668.0,7.203,144.3,169.0,264.4,294.0,False,b7688713,28.6373,25.9308
5747678616,2021-08-06 00:00:00,root='Ride',76779.0,11562,2055.0,6.641,148.2,180.0,242.6,269.0,False,b7688713,76.779,23.907600000000002
5744729575,2021-08-05 00:00:00,root='Ride',21856.5,3301,482.0,6.621,129.7,182.0,228.8,292.0,False,b7688713,21.8565,23.835600000000003
5737268545,2021-08-04 00:00:00,root='Ride',107414.0,15518,2570.0,6.922,148.4,186.0,237.7,263.0,False,b7688713,107.414,24.9192
5732698947,2021-08-03 00:00:00,root='Walk',13609.8,9626,405.3,1.414,,,,,False,,13.6098,5.0904
5726595472,2021-08-02 00:00:00,root='Ride',107276.0,13907,1843.0,7.714,151.9,187.0,241.0,264.0,False,b7688713,107.276,27.770400000000002
5716894402,2021-07-31 00:00:00,root='Ride',26721.1,3799,686.0,7.034,148.5,177.0,251.3,306.0,False,b7688713,26.7211,25.3224
5691511240,2021-07-26 00:00:00,root='Ride',41433.2,4620,24.0,8.968,151.7,193.0,257.7,275.0,False,b7688713,41.4332,32.284800000000004
5684867125,2021-07-25 00:00:00,root='Windsurf',4790.6,2040,,2.348,,,,,False,,4.7906,8.4528
5664695790,2021-07-21 00:00:00,root='Ride',56425.1,6355,17.0,8.879,,,229.5,232.0,False,b7688713,56.4251,31.964399999999998
5653357571,2021-07-19 00:00:00,root='Ride',53229.4,5600,3.0,9.505,,,259.3,267.0,False,b7688713,53.2294,34.218
5647962671,2021-07-18 00:00:00,root='Ride',71106.6,7792,16.0,9.126,152.2,175.0,237.4,251.0,False,b7688713,71.1066,32.8536
5632412221,2021-07-15 00:00:00,root='Ride',60412.7,6068,40.0,9.956,165.1,177.0,290.5,289.0,False,b7688713,60.412699999999994,35.8416
5610626174,2021-07-11 00:00:00,root='Ride',65495.4,7424,16.0,8.822,136.9,150.0,220.1,220.0,False,b7688713,65.4954,31.759199999999996
5596364376,2021-07-08 00:00:00,root='Ride',32016.8,3252,13.0,9.845,152.9,177.0,298.7,306.0,False,b7688713,32.016799999999996,35.442
5586028508,2021-07-06 00:00:00,root='Ride',45300.2,5021,43.0,9.022,148.8,179.0,269.5,285.0,False,b7688713,45.3002,32.4792
5573837149,2021-07-04 00:00:00,root='Ride',75570.4,7728,3.0,9.779,146.2,195.0,236.1,258.0,False,b7688713,75.57039999999999,35.2044
5568220126,2021-07-03 00:00:00,root='Ride',78144.6,8492,45.0,9.202,143.5,189.0,224.5,234.0,False,b7688713,78.14460000000001,33.1272
5560228307,2021-07-01 00:00:00,root='Ride',25714.2,2749,7.0,9.354,154.9,178.0,281.6,277.0,False,b7688713,25.7142,33.6744
5537607726,2021-06-27 00:00:00,root='Ride',104945.0,11860,25.0,8.849,147.1,177.0,30.1,153.0,False,b7688713,104.945,31.8564
5518507821,2021-06-23 00:00:00,root='Ride',77029.6,8113,35.0,9.495,153.3,177.0,273.9,277.0,False,b7688713,77.0296,34.181999999999995
5502234794,2021-06-20 00:00:00,root='Ride',51281.2,5384,66.0,9.525,144.4,186.0,257.7,274.0,False,b7688713,51.2812,34.29
5480630309,2021-06-16 00:00:00,root='Run',8021.8,2295,5.9,3.495,154.5,169.0,,,False,,8.0218,12.582
5461384977,2021-06-13 00:00:00,root='Ride',61752.9,6752,15.0,9.146,140.1,160.0,244.5,251.0,False,b7688713,61.752900000000004,32.9256
5456510641,2021-06-12 00:00:00,root='Ride',134924.0,14079,26.0,9.583,152.0,179.0,251.6,263.0,False,b7688713,134.924,34.4988
5435751982,2021-06-08 00:00:00,root='Ride',57006.4,5799,42.0,9.83,149.9,179.0,262.3,269.0,False,b7688713,57.0064,35.388
5422286887,2021-06-06 00:00:00,root='Ride',94793.3,12422,1690.0,7.631,139.2,169.0,238.0,265.0,False,b7688713,94.7933,27.471600000000002
5416179185,2021-06-05 00:00:00,root='Ride',61982.3,8782,1142.0,7.058,132.5,169.0,213.6,246.0,False,b7688713,61.9823,25.4088
5411987641,2021-06-04 00:00:00,root='Ride',36667.9,6051,781.0,6.06,124.1,174.0,170.1,239.0,False,b7688713,36.6679,21.816
5384358960,2021-05-30 00:00:00,root='Ride',66786.3,7750,24.0,8.618,140.4,166.0,213.4,228.0,False,b7688713,66.7863,31.024800000000003
5379714891,2021-05-29 00:00:00,root='Ride',6380.8,725,1.0,8.801,148.2,162.0,270.7,273.0,False,b7688713,6.3808,31.683600000000002
5378002357,2021-05-29 00:00:00,root='Ride',123474.0,13293,56.0,9.289,148.7,171.0,250.5,260.0,False,b7688713,123.474,33.4404
5367767661,2021-05-27 00:00:00,root='Ride',64443.7,7129,29.0,9.04,154.3,198.0,253.3,278.0,False,b7688713,64.44369999999999,32.544
5350400434,2021-05-24 00:00:00,root='Run',11692.3,3151,2.4,3.711,175.2,193.0,,,False,,11.6923,13.3596
5346115337,2021-05-23 00:00:00,root='Ride',34083.6,3745,25.0,9.101,152.3,185.0,250.0,270.0,False,b7688713,34.0836,32.763600000000004
5324922340,2021-05-19 00:00:00,root='Ride',69408.2,7526,11.0,9.222,156.1,188.0,274.0,287.0,False,b7688713,69.4082,33.1992
5314082321,2021-05-17 00:00:00,root='WeightTraining',,4052,,,109.8,146.0,,,True,,,
5294042435,2021-05-14 00:00:00,root='Ride',49301.4,5418,16.0,9.1,151.0,183.0,242.0,282.0,False,b7688713,49.3014,32.76
5288883003,2021-05-13 00:00:00,root='Ride',68141.2,7261,12.0,9.385,161.8,179.0,267.9,273.0,False,b7688713,68.1412,33.786
5267863046,2021-05-09 00:00:00,root='Ride',74211.3,7562,71.0,9.814,150.9,182.0,259.9,269.0,False,b7688713,74.21130000000001,35.330400000000004
5263466232,2021-05-08 00:00:00,root='Ride',72879.8,7575,111.0,9.621,163.2,183.0,276.4,293.0,False,b7688713,72.8798,34.635600000000004
5229051926,2021-05-02 00:00:00,root='Ride',90168.4,9997,149.0,9.02,147.2,173.0,239.8,254.0,False,b7688713,90.16839999999999,32.472
5222952762,2021-05-01 00:00:00,root='Ride',61550.4,6302,27.0,9.767,158.4,180.0,259.3,261.0,False,b7688713,61.5504,35.1612
5207950072,2021-04-28 00:00:00,root='Ride',50691.9,5365,61.0,9.449,152.0,168.0,285.3,285.0,False,b7688713,50.691900000000004,34.0164
5200157759,2021-04-27 00:00:00,root='Ride',60939.0,6808,18.0,8.951,136.9,168.0,230.0,243.0,False,b7688713,60.939,32.223600000000005
5189916094,2021-04-25 00:00:00,root='Ride',84729.9,10898,1320.0,7.775,129.6,164.0,215.6,252.0,False,b7688713,84.7299,27.990000000000002
5185009226,2021-04-24 00:00:00,root='Ride',181820.0,24223,2953.0,7.506,132.8,169.0,206.4,238.0,False,b7688713,181.82,27.021600000000003
5178658938,2021-04-23 00:00:00,root='Ride',89809.6,11516,1265.0,7.799,138.2,166.0,214.0,247.0,False,b7688713,89.8096,28.076400000000003
5170844956,2021-04-22 00:00:00,root='Ride',52517.9,5975,63.0,8.79,139.4,159.0,227.1,231.0,False,b7688713,52.517900000000004,31.644
5160555248,2021-04-20 00:00:00,root='Ride',43202.5,4391,13.0,9.839,147.3,169.0,276.2,295.0,False,b7688713,43.2025,35.4204
5156224482,2021-04-19 00:00:00,root='WeightTraining',,6731,,,88.4,126.0,,,True,,,
5151181487,2021-04-18 00:00:00,root='Ride',53434.9,5647,172.0,9.463,140.5,153.0,242.1,246.0,False,b7688713,53.4349,34.0668
5146933010,2021-04-18 00:00:00,root='Ride',42979.8,4585,6.0,9.374,148.5,169.0,252.2,253.0,False,b7688713,42.979800000000004,33.7464
5140715427,2021-04-17 00:00:00,root='Ride',46633.0,5543,39.0,8.413,126.0,144.0,191.5,195.0,False,b7688713,46.633,30.286800000000003
5136252061,2021-04-16 00:00:00,root='Ride',55425.6,6265,16.0,8.847,145.6,162.0,258.4,256.0,False,b7688713,55.425599999999996,31.8492
5132499537,2021-04-15 00:00:00,root='Ride',68811.0,7743,21.0,8.887,140.9,169.0,236.1,245.0,False,b7688713,68.811,31.9932
5118050953,2021-04-13 00:00:00,root='Ride',82388.4,9493,14.0,8.679,140.6,158.0,225.6,227.0,False,b7688713,82.38839999999999,31.244400000000002
5108345481,2021-04-11 00:00:00,root='Ride',128036.0,13385,36.0,9.566,151.7,178.0,255.2,260.0,False,b7688713,128.036,34.4376
5100265229,2021-04-10 00:00:00,root='Ride',60316.8,6621,11.0,9.11,146.6,174.0,239.9,254.0,False,b7688713,60.3168,32.796
5089494842,2021-04-08 00:00:00,root='Ride',53210.4,5572,69.0,9.55,159.0,176.0,270.5,274.0,False,b7688713,53.2104,34.38
5067429270,2021-04-04 00:00:00,root='Ride',75362.6,9606,410.0,7.845,124.1,171.0,190.4,235.0,False,b7688713,75.3626,28.242
5061484928,2021-04-03 00:00:00,root='Ride',41864.0,5172,88.0,8.094,123.9,158.0,188.8,213.0,False,b7688713,41.864,29.138399999999997
5044479556,2021-03-31 00:00:00,root='Ride',46064.5,4927,23.0,9.349,150.8,174.0,251.4,268.0,False,b7688713,46.0645,33.656400000000005
5042896856,2021-03-31 00:00:00,root='Ride',56687.3,6268,13.0,9.044,147.5,177.0,249.2,255.0,False,b7688713,56.6873,32.558400000000006
5037484086,2021-03-30 00:00:00,root='Ride',69628.9,7972,24.0,8.734,140.2,167.0,233.3,246.0,False,b7688713,69.62889999999999,31.4424
5032729958,2021-03-29 00:00:00,root='Ride',37419.1,6047,286.0,6.188,145.4,173.0,252.0,,False,b7688712,37.4191,22.276799999999998
5018849892,2021-03-27 00:00:00,root='Ride',60355.7,6787,68.0,8.893,146.0,180.0,253.4,263.0,False,b7688713,60.3557,32.0148
5014470532,2021-03-26 00:00:00,root='Ride',59281.6,6704,60.0,8.843,149.0,177.0,262.0,260.0,False,b7688713,59.2816,31.8348
5003067280,2021-03-24 00:00:00,root='Ride',50779.2,5169,5.0,9.824,152.6,170.0,277.9,286.0,False,b7688713,50.779199999999996,35.3664
4983839827,2021-03-21 00:00:00,root='Ride',50126.6,5688,20.0,8.813,138.3,156.0,240.1,249.0,False,b7688713,50.126599999999996,31.726800000000004
4978205192,2021-03-20 00:00:00,root='Ride',146258.0,15564,41.0,9.397,147.9,170.0,238.3,245.0,False,b7688713,146.258,33.8292
4971770971,2021-03-19 00:00:00,root='IceSkate',12105.0,3256,77.4,3.718,,,,,False,,12.105,13.3848
4967433292,2021-03-18 00:00:00,root='Ride',41071.4,4520,55.2,9.087,144.9,169.0,257.4,281.0,False,b7688713,41.071400000000004,32.7132
4957090900,2021-03-16 00:00:00,root='Run',9285.0,2540,2.8,3.656,160.8,170.0,,,False,,9.285,13.1616
4945202581,2021-03-14 00:00:00,root='Ride',119107.0,13455,144.0,8.852,146.3,160.0,254.9,252.0,False,b7688713,119.107,31.8672
4937833026,2021-03-13 00:00:00,root='Ride',38528.6,5601,217.0,6.879,149.0,170.0,268.2,,False,b7688712,38.5286,24.7644
4927865979,2021-03-11 00:00:00,root='Ride',42981.5,5119,448.0,8.396,153.5,182.0,251.3,252.0,False,b7688713,42.9815,30.225600000000004
4924002212,2021-03-10 00:00:00,root='Ride',53308.9,5730,86.0,9.303,155.2,174.0,268.8,269.0,False,b7688713,53.3089,33.49080000000001
4912683436,2021-03-08 00:00:00,root='Ride',48165.8,5394,12.0,8.93,144.5,182.0,237.9,254.0,False,b7688713,48.165800000000004,32.148
4899297522,2021-03-06 00:00:00,root='Ride',66042.1,7538,14.0,8.761,133.6,151.0,225.7,225.0,False,b7688713,66.0421,31.539599999999997
4893189240,2021-03-05 00:00:00,root='Ride',51829.0,6073,74.0,8.534,138.5,170.0,234.3,236.0,False,b7688713,51.829,30.722400000000004
4888281332,2021-03-04 00:00:00,root='Ride',106097.0,11578,455.8,9.164,153.6,166.0,258.3,257.0,False,b7688713,106.097,32.9904
4877984556,2021-03-02 00:00:00,root='WeightTraining',,4009,,,99.6,134.0,,,True,,,
4871615176,2021-03-01 00:00:00,root='Ride',53021.2,5644,167.0,9.394,140.1,162.0,246.4,245.0,False,b7688713,53.0212,33.818400000000004
4865080553,2021-02-28 00:00:00,root='Ride',52834.8,6247,173.0,8.458,141.3,160.0,236.1,241.0,False,b7688713,52.8348,30.448800000000002
4860035611,2021-02-27 00:00:00,root='Ride',73983.3,7608,21.0,9.724,143.1,173.0,254.7,262.0,False,b7688713,73.9833,35.0064
4854963489,2021-02-26 00:00:00,root='Run',10306.2,2708,7.9,3.806,165.9,174.0,,,False,,10.3062,13.701600000000001
4842021556,2021-02-24 00:00:00,root='Ride',51642.8,5713,14.0,9.04,156.7,175.0,269.1,272.0,False,b7688713,51.6428,32.544
4829889928,2021-02-22 00:00:00,root='Ride',32350.7,3667,21.0,8.822,145.2,178.0,241.0,268.0,False,b7688713,32.3507,31.759199999999996
4818763650,2021-02-20 00:00:00,root='Ride',105640.0,11855,57.0,8.911,149.8,170.0,235.0,245.0,False,b7688713,105.64,32.0796
4807252555,2021-02-18 00:00:00,root='Run',11110.2,3032,8.9,3.664,165.6,179.0,,,False,,11.1102,13.1904
4797275992,2021-02-16 00:00:00,root='Ride',42157.2,6363,140.0,6.625,141.6,168.0,233.7,,False,b7688712,42.157199999999996,23.85
4784901078,2021-02-14 00:00:00,root='IceSkate',27178.8,6038,29.1,4.501,80.0,97.0,,,False,,27.1788,16.2036
4780004619,2021-02-13 00:00:00,root='IceSkate',30342.1,7436,34.5,4.08,121.3,148.0,,,False,,30.3421,14.688
4778498477,2021-02-13 00:00:00,root='IceSkate',8003.6,1995,9.3,4.012,,,,,False,,8.0036,14.4432
4775838520,2021-02-12 00:00:00,root='IceSkate',24301.1,6051,29.6,4.016,,,,,False,,24.301099999999998,14.457600000000001
4765278530,2021-02-10 00:00:00,root='Run',9354.0,2602,6.8,3.595,164.8,176.0,,,False,,9.354,12.942
4756991885,2021-02-08 00:00:00,root='WeightTraining',,4185,,,,,,,True,,,
4751722654,2021-02-07 00:00:00,root='Ride',32572.6,6847,172.0,4.757,141.3,164.0,152.2,,False,b7688712,32.5726,17.1252
4733529586,2021-02-04 00:00:00,root='Ride',35907.3,3799,35.2,9.452,151.0,174.0,222.7,,False,b7688713,35.907300000000006,34.0272
4728442439,2021-02-03 00:00:00,root='Run',10665.1,3060,12.6,3.485,162.1,175.0,,,False,,10.6651,12.546
4722367418,2021-02-02 00:00:00,root='Run',4668.8,1322,,3.532,,,,,False,,4.6688,12.715200000000001
4717388754,2021-02-01 00:00:00,root='Workout',29.3,1,,29.3,121.0,146.0,,,False,,0.0293,105.48
4704626171,2021-01-30 00:00:00,root='Ride',74260.0,8606,46.0,8.629,153.3,168.0,180.7,,False,b7688713,74.26,31.0644
4684909296,2021-01-26 00:00:00,root='Ride',30205.6,3219,9.0,9.384,162.9,174.0,210.1,,False,b7688713,30.205599999999997,33.7824
4663282356,2021-01-22 00:00:00,root='Workout',,1050,,,,,,,True,,,
4656236105,2021-01-21 00:00:00,root='Ride',66178.4,7099,149.0,9.322,158.4,181.0,234.5,,False,b7688713,66.1784,33.5592
4641629253,2021-01-18 00:00:00,root='Ride',53882.6,6161,69.0,8.746,147.8,173.0,185.2,,False,b7688713,53.8826,31.4856
4632362216,2021-01-16 00:00:00,root='Ride',5915.4,866,2.2,6.831,,,111.6,,False,b7688713,5.9154,24.591600000000003
4624871652,2021-01-15 00:00:00,root='Ride',36223.9,3968,27.0,9.129,160.7,183.0,199.7,,False,b7688713,36.2239,32.864399999999996
4609034743,2021-01-12 00:00:00,root='Ride',33172.8,3546,18.0,9.355,161.7,187.0,212.8,,False,b7688713,33.1728,33.678000000000004
4599183595,2021-01-10 00:00:00,root='Ride',41629.3,7387,82.0,5.635,141.8,163.0,180.6,,False,b7688712,41.6293,20.286
4591746730,2021-01-09 00:00:00,root='Ride',53009.8,6054,19.0,8.756,142.8,164.0,174.2,,False,b7688713,53.009800000000006,31.521600000000003
4571447189,2021-01-05 00:00:00,root='Ride',46928.5,5178,58.0,9.063,161.9,179.0,196.4,,False,b7688713,46.9285,32.6268
4560457641,2021-01-03 00:00:00,root='Ride',39696.0,4737,65.0,8.38,146.2,168.0,166.0,,False,b7688713,39.696,30.168000000000003
4519038102,2020-12-26 00:00:00,root='Ride',50443.3,5224,109.0,9.656,157.9,181.0,240.0,,False,b7688713,50.4433,34.7616
4504471832,2020-12-22 00:00:00,root='Ride',48712.0,5149,30.0,9.46,157.0,181.0,215.2,,False,b7688713,48.712,34.056000000000004
4490765351,2020-12-19 00:00:00,root='Ride',40180.5,4422,62.0,9.086,155.8,182.0,207.5,,False,b7688713,40.1805,32.7096
4487656305,2020-12-18 00:00:00,root='Run',6537.9,1930,6.8,3.388,,,,,False,,6.5379,12.1968
4479570962,2020-12-16 00:00:00,root='Ride',38201.6,4037,4.0,9.463,161.2,184.0,205.9,,False,b7688713,38.2016,34.0668
4461734460,2020-12-12 00:00:00,root='Ride',74833.7,8552,84.0,8.75,152.5,176.0,177.4,,False,b7688713,74.8337,31.5
4440970478,2020-12-07 00:00:00,root='Ride',58683.3,7644,172.0,7.677,,,286.7,,False,b7688712,58.6833,27.6372
4420770367,2020-12-02 00:00:00,root='Ride',43355.7,4633,21.0,9.358,150.2,163.0,202.0,,False,b7688713,43.3557,33.6888
4401479091,2020-11-28 00:00:00,root='Ride',82724.5,8969,44.0,9.223,159.4,185.0,199.1,,False,b7688713,82.7245,33.2028
4379597142,2020-11-23 00:00:00,root='Ride',40492.5,4440,62.0,9.12,147.5,179.0,204.4,,False,b7688713,40.4925,32.832
4369998323,2020-11-21 00:00:00,root='Ride',80674.4,9637,170.0,8.371,147.8,166.0,166.7,,False,b7688713,80.67439999999999,30.135600000000004
4365083207,2020-11-20 00:00:00,root='Ride',33445.6,3574,22.0,9.358,157.7,168.0,202.5,,False,b7688713,33.4456,33.6888
4346927693,2020-11-16 00:00:00,root='Ride',37641.7,4327,28.0,8.699,142.3,161.0,181.2,,False,b7688713,37.6417,31.3164
4340099061,2020-11-15 00:00:00,root='Ride',55429.4,5658,160.0,9.797,170.2,185.0,253.8,,False,b7688713,55.4294,35.269200000000005
4307323771,2020-11-08 00:00:00,root='Ride',105276.0,11701,99.0,8.997,157.6,178.0,185.2,,False,b7688713,105.276,32.3892
4297242319,2020-11-06 00:00:00,root='Ride',44235.4,4629,31.0,9.556,153.6,172.0,218.3,,False,b7688713,44.2354,34.401599999999995
4276898495,2020-11-02 00:00:00,root='Ride',36905.9,4033,23.0,9.151,154.5,171.0,204.5,,False,b7688713,36.9059,32.9436
4265842742,2020-10-31 00:00:00,root='Ride',40963.9,4535,82.0,9.033,151.9,191.0,205.2,,False,b7688713,40.9639,32.5188
4236264311,2020-10-24 00:00:00,root='Ride',103400.0,11237,191.0,9.202,149.6,173.0,207.5,,False,b7688713,103.4,33.1272
4229382272,2020-10-22 00:00:00,root='Ride',54158.4,5800,25.0,9.338,158.1,184.0,212.6,,False,b7688713,54.1584,33.6168
4211325776,2020-10-18 00:00:00,root='Ride',57702.0,6045,218.0,9.545,153.1,161.0,222.8,,False,b7688713,57.702,34.362
4207039681,2020-10-17 00:00:00,root='Ride',66157.4,8537,185.2,7.749,,,156.8,,False,b7688713,66.1574,27.8964
4202808303,2020-10-16 00:00:00,root='Ride',57116.1,6444,28.0,8.863,151.3,169.0,181.6,,False,b7688713,57.116099999999996,31.9068
4194599285,2020-10-14 00:00:00,root='Ride',45543.7,4796,36.0,9.496,,,214.8,,False,b7688713,45.543699999999994,34.1856
4172126017,2020-10-09 00:00:00,root='Ride',20607.1,3108,133.0,6.63,,,235.4,,False,b7688712,20.6071,23.868
4164109704,2020-10-07 00:00:00,root='Ride',49513.0,5309,36.0,9.326,,,208.8,,False,b7688713,49.513,33.573600000000006
4142805680,2020-10-02 00:00:00,root='Ride',51156.6,5886,93.0,8.691,,,181.0,,False,b7688713,51.1566,31.287600000000005
4100538769,2020-09-23 00:00:00,root='Ride',33223.0,3717,30.0,8.938,148.3,175.0,181.7,,False,b7688713,33.223,32.1768
4100539261,2020-09-23 00:00:00,root='Ride',31613.8,4130,22.0,7.655,128.6,151.0,131.0,,False,b7688713,31.613799999999998,27.558
4068230554,2020-09-16 00:00:00,root='Ride',146790.0,15521,204.0,9.458,156.1,184.0,218.7,,False,b7688713,146.79,34.0488
4057733827,2020-09-14 00:00:00,root='Ride',49127.0,7193,1121.0,6.83,144.5,172.0,205.3,,False,b7688713,49.127,24.588
4051815744,2020-09-13 00:00:00,root='Ride',36468.3,4087,89.0,8.923,141.1,176.0,187.7,,False,b7688713,36.468300000000006,32.1228
4044783072,2020-09-11 00:00:00,root='Ride',42959.4,4527,25.0,9.49,162.8,190.0,212.1,,False,b7688713,42.9594,34.164
4021607427,2020-09-06 00:00:00,root='Ride',155709.0,19813,2377.3,7.859,,,217.5,,False,b7688713,155.709,28.2924
4010555917,2020-09-04 00:00:00,root='Ride',45054.2,4962,64.0,9.08,147.8,166.0,197.7,,False,b7688713,45.054199999999994,32.688
4001180011,2020-09-02 00:00:00,root='Ride',70525.6,8057,66.0,8.753,146.2,175.0,180.9,,False,b7688713,70.52560000000001,31.5108
3941826171,2020-08-20 00:00:00,root='Ride',48745.3,4979,39.0,9.79,158.4,186.0,68.0,171.0,False,b7688713,48.7453,35.244
3935067640,2020-08-19 00:00:00,root='Ride',33997.7,3682,64.0,9.233,,,200.0,,False,b7688713,33.997699999999995,33.238800000000005
3934836575,2020-08-18 00:00:00,root='Ride',10154.1,1150,5.0,8.83,,,177.2,,False,b7688713,10.1541,31.788
3926041238,2020-08-17 00:00:00,root='Ride',41456.4,4650,48.0,8.915,159.3,190.0,187.0,,False,b7688713,41.4564,32.094
3911588402,2020-08-14 00:00:00,root='Hike',6899.5,4545,264.6,1.518,,,,,False,,6.8995,5.4648
3907048200,2020-08-13 00:00:00,root='Ride',48595.4,7317,1162.0,6.641,144.6,186.0,209.5,256.0,False,b7688713,48.5954,23.907600000000002
3896271014,2020-08-11 00:00:00,root='Ride',40006.9,5189,686.0,7.71,136.6,175.0,215.4,,False,b7688713,40.0069,27.756
3892667634,2020-08-10 00:00:00,root='Ride',118862.0,18604,2654.0,6.389,137.6,163.0,185.4,,False,b7688713,118.862,23.000400000000003
3887760105,2020-08-09 00:00:00,root='Ride',104062.0,13756,1833.0,7.565,148.6,184.0,212.0,,False,b7688713,104.062,27.234
3872678923,2020-08-06 00:00:00,root='Ride',132581.0,15186,214.0,8.73,160.3,216.0,176.0,,False,b7688713,132.581,31.428
3864137576,2020-08-04 00:00:00,root='Ride',50920.9,5582,35.0,9.122,,,194.0,,False,b7688713,50.9209,32.8392
3855129996,2020-08-01 00:00:00,root='Hike',8218.9,7409,97.3,1.109,,,,,False,,8.2189,3.9924
3855131243,2020-07-31 00:00:00,root='Hike',15456.4,18296,955.1,0.845,,,,,False,,15.4564,3.042
3855135889,2020-07-30 00:00:00,root='Hike',16470.8,16556,1080.5,0.995,,,,,False,,16.4708,3.582
3855139593,2020-07-29 00:00:00,root='Hike',13858.8,14930,612.4,0.928,,,,,False,,13.858799999999999,3.3408
3855151452,2020-07-28 00:00:00,root='Hike',5510.6,5920,519.4,0.931,,,,,False,,5.5106,3.3516000000000004
3814826932,2020-07-26 00:00:00,root='Ride',66193.9,7482,98.0,8.847,141.5,181.0,190.1,,False,b7688713,66.1939,31.8492
3801734131,2020-07-22 00:00:00,root='Ride',60175.4,6160,46.0,9.769,,,231.4,,False,b7688713,60.1754,35.1684
3789488582,2020-07-20 00:00:00,root='Ride',38554.7,5028,21.0,7.668,,,132.5,,False,b7168786,38.5547,27.6048
3787024883,2020-07-19 00:00:00,root='Walk',6715.2,4573,78.7,1.468,,,,,False,,6.715199999999999,5.2848
3778514352,2020-07-18 00:00:00,root='Ride',30389.9,4208,161.0,7.222,,,261.6,,False,b7688712,30.3899,25.999200000000002
3761834952,2020-07-14 00:00:00,root='Ride',47647.5,4882,67.0,9.76,,,232.6,,False,b7168786,47.6475,35.136
3752550671,2020-07-12 00:00:00,root='Ride',54395.6,5995,143.0,9.073,,,204.4,,False,b7168786,54.3956,32.662800000000004
3742145308,2020-07-10 00:00:00,root='Ride',39717.4,4120,75.0,9.64,,,226.9,,False,b7168786,39.717400000000005,34.704
3725894952,2020-07-07 00:00:00,root='Ride',32419.8,4095,50.0,7.917,136.3,178.0,151.8,,False,b7168786,32.4198,28.5012
3718634415,2020-07-05 00:00:00,root='Ride',60957.8,7118,176.0,8.564,151.2,173.0,188.6,,False,b7168786,60.957800000000006,30.8304
3708969696,2020-07-03 00:00:00,root='Ride',37307.4,4359,106.0,8.559,,,200.9,,False,b7168786,37.3074,30.812399999999997
3677341415,2020-06-27 00:00:00,root='Ride',31479.5,3935,61.0,8.0,,,159.3,,False,b7168786,31.4795,28.8
3673768424,2020-06-26 00:00:00,root='Ride',57843.2,6351,30.0,9.108,,,190.7,,False,b7168786,57.843199999999996,32.7888
3665911083,2020-06-24 00:00:00,root='Ride',42795.5,4743,79.0,9.023,,,194.6,,False,b7168786,42.7955,32.4828
3650113803,2020-06-21 00:00:00,root='Ride',31701.5,3773,48.0,8.402,,,166.3,,False,b7168786,31.7015,30.2472
3638982451,2020-06-19 00:00:00,root='Ride',30447.4,3223,57.0,9.447,,,220.5,,False,b7168786,30.447400000000002,34.0092
3628424666,2020-06-17 00:00:00,root='Ride',48953.2,5465,43.0,8.958,,,192.0,,False,b7168786,48.953199999999995,32.2488
3603195537,2020-06-12 00:00:00,root='Ride',18471.6,2229,11.0,8.287,,,159.2,,False,b7168786,18.4716,29.833200000000005
3583587439,2020-06-08 00:00:00,root='Ride',58289.4,6997,129.0,8.331,,,181.6,,False,b7168786,58.2894,29.9916
3571912673,2020-06-06 00:00:00,root='Ride',66042.0,7120,311.0,9.276,,,238.5,,False,b7168786,66.042,33.3936
3559087140,2020-06-03 00:00:00,root='Ride',40404.0,4433,104.0,9.114,,,212.9,,False,b7168786,40.404,32.8104
3543130302,2020-05-31 00:00:00,root='Ride',25685.8,3367,61.0,7.629,,,146.2,,False,b7168786,25.6858,27.464399999999998
3536523195,2020-05-30 00:00:00,root='Ride',78385.8,8915,96.0,8.793,,,184.3,,False,b7168786,78.3858,31.654799999999998
3522138043,2020-05-27 00:00:00,root='Ride',57841.6,6567,208.0,8.808,,,195.3,,False,b7168786,57.8416,31.7088
3508006133,2020-05-25 00:00:00,root='Ride',63577.3,6916,43.0,9.193,,,194.0,,False,b7168786,63.5773,33.0948
3498811309,2020-05-23 00:00:00,root='Ride',62061.6,7287,138.0,8.517,,,199.1,,False,b7168786,62.0616,30.661199999999997
3491923045,2020-05-22 00:00:00,root='Ride',58023.8,6051,266.0,9.589,,,222.8,,False,b7168786,58.0238,34.5204
3477769109,2020-05-19 00:00:00,root='Ride',41338.9,5289,64.0,7.816,,,146.7,,False,b7168786,41.3389,28.1376
3467835676,2020-05-17 00:00:00,root='Ride',41689.8,4498,91.0,9.269,,,212.8,,False,b7168786,41.689800000000005,33.3684
3450364247,2020-05-14 00:00:00,root='Ride',108631.0,11802,163.0,9.204,,,207.8,,False,b7168786,108.631,33.13440000000001
3429562982,2020-05-10 00:00:00,root='StandUpPaddling',5048.2,1653,3.5,3.054,,,,,False,,5.0482,10.994399999999999
3425389242,2020-05-09 00:00:00,root='StandUpPaddling',29126.9,15354,27.1,1.897,,,,,False,,29.126900000000003,6.8292
3413890159,2020-05-07 00:00:00,root='Ride',74389.0,8216,42.6,9.054,,,184.2,,False,b7168786,74.389,32.5944
3402199570,2020-05-05 00:00:00,root='Ride',32354.3,3757,28.7,8.612,,,167.0,,False,b7168786,32.3543,31.0032
3396665816,2020-05-04 00:00:00,root='Ride',27773.7,3695,29.2,7.517,,,130.9,,False,b7168786,27.7737,27.061200000000003
3371539913,2020-04-29 00:00:00,root='Ride',54230.8,5982,48.7,9.066,,,189.2,,False,b7168786,54.2308,32.637600000000006
3361531339,2020-04-27 00:00:00,root='Ride',31530.0,4371,36.9,7.213,,,120.8,,False,b7168786,31.53,25.9668
3355962774,2020-04-26 00:00:00,root='Ride',40192.4,4532,35.4,8.869,,,191.0,,False,b7168786,40.1924,31.9284
3280857511,2020-04-10 00:00:00,root='Ride',46788.8,6023,50.0,7.768,,,148.5,,False,b7168786,46.7888,27.9648
3263064649,2020-04-06 00:00:00,root='Ride',43564.9,4940,67.8,8.819,,,185.8,,False,b7168786,43.5649,31.748400000000004
3246904722,2020-04-02 00:00:00,root='Ride',52587.5,6005,102.3,8.757,,,186.7,,False,b7168786,52.5875,31.525199999999998
3231126461,2020-03-29 00:00:00,root='Ride',117588.0,14654,438.7,8.024,,,179.8,,False,b7168786,117.588,28.8864
3213751216,2020-03-24 00:00:00,root='Ride',56518.6,6599,113.9,8.565,,,174.3,,False,b7168786,56.5186,30.834
3206629817,2020-03-22 00:00:00,root='Ride',40587.4,4841,79.7,8.384,,,185.0,,False,b7168786,40.5874,30.1824
3203474726,2020-03-21 00:00:00,root='Ride',69007.7,8260,114.1,8.354,,,172.4,,False,b7168786,69.0077,30.074399999999997
3200099522,2020-03-20 00:00:00,root='Ride',6050.3,922,18.6,6.562,,,114.5,,False,b7168786,6.0503,23.6232
3194961439,2020-03-18 00:00:00,root='Ride',58329.2,6672,93.9,8.742,,,184.1,,False,b7168786,58.3292,31.471200000000003
3191884190,2020-03-17 00:00:00,root='Ride',37577.0,4253,81.9,8.835,,,185.7,,False,b7168786,37.577,31.806000000000004
2746457774,2019-09-22 00:00:00,root='Ride',59947.7,6517,29.0,9.199,,,203.1,,False,b7168786,59.9477,33.1164
2702921923,2019-09-12 00:00:00,root='Ride',30609.2,3255,60.4,9.404,,,230.3,,False,b7168786,30.6092,33.8544
2692013278,2019-09-08 00:00:00,root='Ride',131594.0,19395,2275.3,6.785,,,188.4,,False,b7168786,131.594,24.426000000000002
2686394092,2019-09-07 00:00:00,root='Ride',30734.3,3702,56.4,8.302,,,165.7,,False,b7168786,30.734299999999998,29.8872
2670205536,2019-09-01 00:00:00,root='Ride',47807.6,5657,91.8,8.451,,,187.2,,False,b7168786,47.8076,30.423600000000004
2661965572,2019-08-29 00:00:00,root='Ride',38051.6,5219,44.1,7.291,,,124.3,,False,b7168786,38.0516,26.247600000000002
2658660723,2019-08-28 00:00:00,root='Ride',108924.0,12909,237.9,8.438,,,173.3,,False,b7168786,108.924,30.376800000000003
2653669369,2019-08-26 00:00:00,root='Ride',50217.3,5848,85.2,8.587,,,182.3,,False,b7168786,50.2173,30.9132
2647405841,2019-08-24 00:00:00,root='Ride',31286.3,3579,66.5,8.742,,,188.1,,False,b7168786,31.2863,31.471200000000003
2638956548,2019-08-21 00:00:00,root='Ride',46302.1,4836,67.7,9.574,,,232.0,,False,b7168786,46.302099999999996,34.4664
2635253975,2019-08-20 00:00:00,root='Ride',32964.3,4607,73.8,7.155,,,133.3,,False,b7168786,32.9643,25.758000000000003
2607755540,2019-08-10 00:00:00,root='Ride',35232.8,4462,552.3,7.896,,,225.2,,False,b7168786,35.232800000000005,28.4256
2586625389,2019-08-03 00:00:00,root='Ride',101724.0,18595,2774.9,5.471,,,194.1,,False,b7168786,101.724,19.695600000000002
2584606908,2019-08-02 00:00:00,root='Ride',28884.2,5298,671.0,5.452,,,169.9,,False,b7168786,28.8842,19.627200000000002
2581453597,2019-08-01 00:00:00,root='Ride',86278.3,16347,2686.3,5.278,,,192.3,,False,b7168786,86.2783,19.000799999999998
2578837849,2019-07-31 00:00:00,root='Ride',22391.3,4134,705.3,5.416,,,203.8,,False,b7168786,22.391299999999998,19.497600000000002
2575696518,2019-07-30 00:00:00,root='Ride',74091.1,13142,1683.2,5.638,,,185.1,,False,b7168786,74.09110000000001,20.2968
2572579335,2019-07-29 00:00:00,root='Ride',81721.7,16188,2747.0,5.048,,,205.3,,False,b7168786,81.7217,18.172800000000002
2570631511,2019-07-28 00:00:00,root='Ride',67657.5,13540,2257.3,4.997,,,200.9,,False,b7168786,67.6575,17.9892
2566548101,2019-07-27 00:00:00,root='Ride',66604.2,12144,2066.2,5.485,,,207.8,,False,b7168786,66.60419999999999,19.746000000000002
2557294017,2019-07-23 00:00:00,root='Ride',59682.7,6506,87.6,9.173,,,205.4,,False,b7168786,59.6827,33.022800000000004
2551554925,2019-07-21 00:00:00,root='Ride',103494.0,12377,153.3,8.362,,,178.7,,False,b7168786,103.494,30.1032
2528296896,2019-07-13 00:00:00,root='Ride',122334.0,15200,577.3,8.048,,,197.4,,False,b7168786,122.334,28.9728
2522720277,2019-07-11 00:00:00,root='Ride',48355.7,5463,90.8,8.851,,,198.8,,False,b7168786,48.3557,31.863600000000005
2514587966,2019-07-08 00:00:00,root='Ride',35880.8,4346,145.5,8.256,,,191.6,,False,b7168786,35.8808,29.721600000000002
2504234285,2019-07-04 00:00:00,root='Ride',45148.4,5404,68.7,8.355,,,187.6,,False,b7168786,45.1484,30.078000000000003
2493050542,2019-06-30 00:00:00,root='Ride',55337.0,6163,116.4,8.979,,,209.9,,False,b7168786,55.337,32.3244
2489837887,2019-06-29 00:00:00,root='Ride',52220.9,5992,114.7,8.715,,,186.8,,False,b7168786,52.2209,31.374
2482564080,2019-06-26 00:00:00,root='Ride',37381.2,4502,96.5,8.303,,,175.3,,False,b7168786,37.3812,29.890800000000002
2482572214,2019-06-22 00:00:00,root='Ride',46664.1,5666,113.0,8.236,,,172.6,,False,b7168786,46.6641,29.649600000000003
17699445338,2026-03-12 00:00:00,root='VirtualRide',16990.0,1902,26.0,8.933,105.9,125.0,136.7,146.0,False,b7688713,16.99,32.1588
17717374723,2026-03-14 00:00:00,root='VirtualRide',29898.3,3029,46.0,9.871,120.5,130.0,176.1,178.0,False,b7688713,29.8983,35.5356
17727423755,2026-03-15 00:00:00,root='VirtualRide',28842.4,2857,46.0,10.095,127.4,143.0,193.3,198.0,False,b7688713,28.8424,36.342000000000006
17756912084,2026-03-17 00:00:00,root='Ride',21944.7,3197,75.0,6.864,105.3,125.0,113.0,120.0,False,b17244674,21.9447,24.7104
17769661005,2026-03-18 00:00:00,root='VirtualRide',39344.5,3632,188.0,10.833,126.8,140.0,211.1,212.0,False,b7688713,39.3445,38.9988
17793443638,2026-03-20 00:00:00,root='Ride',55537.1,6248,19.0,8.889,,,185.3,203.0,False,b7688713,55.537099999999995,32.0004
17801350732,2026-03-21 00:00:00,root='Ride',45013.6,5361,17.0,8.396,,,199.3,205.0,False,b7688713,45.0136,30.225600000000004
17832288683,2026-03-23 00:00:00,root='VirtualRide',27430.9,3618,441.0,7.582,133.9,156.0,236.9,245.0,False,b7688713,27.4309,27.2952
17857365672,2026-03-25 00:00:00,root='VirtualRide',57479.1,5321,171.0,10.802,142.7,169.0,241.9,259.0,False,b7688713,57.479099999999995,38.8872
18604389162,2026-03-25 00:00:00,root='Ride',,5304,,,142.7,169.0,241.8,259.0,True,b7688713,,
17879407682,2026-03-27 00:00:00,root='VirtualRide',40383.7,4255,365.0,9.491,140.9,167.0,255.9,273.0,False,b7688713,40.3837,34.1676
18604389179,2026-03-27 00:00:00,root='Ride',,4214,,,141.4,166.0,256.8,274.0,True,b7688713,,
17886884182,2026-03-28 00:00:00,root='Ride',87402.5,12249,534.0,7.135,142.2,173.0,205.6,218.0,False,b17244674,87.4025,25.686
18604392697,2026-03-28 00:00:00,root='Ride',,14700,,,136.3,184.0,172.0,215.0,True,b7688713,,
17899999077,2026-03-29 00:00:00,root='Ride',32886.6,4153,58.0,7.919,122.4,133.0,206.4,207.0,False,b17244674,32.8866,28.508399999999998
17927777893,2026-03-31 00:00:00,root='Ride',41026.3,4859,144.0,8.443,127.8,167.0,208.7,231.0,False,b7688713,41.026300000000006,30.3948
17940594398,2026-04-01 00:00:00,root='VirtualRide',38273.8,3746,182.0,10.217,136.6,165.0,252.7,273.0,False,b7688713,38.2738,36.781200000000005
17964891055,2026-04-03 00:00:00,root='VirtualRide',48441.6,5353,437.0,9.049,128.1,149.0,227.4,232.0,False,b7688713,48.4416,32.5764
17972278949,2026-04-04 00:00:00,root='Ride',38354.0,4528,113.0,8.47,121.0,134.0,195.6,198.0,False,b7688713,38.354,30.492000000000004
17985348879,2026-04-05 00:00:00,root='Ride',38878.5,4322,99.0,8.995,133.1,161.0,234.8,253.0,False,b7688713,38.8785,32.382
17999956377,2026-04-06 00:00:00,root='Ride',70066.4,8223,63.0,8.521,123.3,177.0,203.7,227.0,False,b7688713,70.06639999999999,30.675600000000003
18030273325,2026-04-08 00:00:00,root='Ride',32192.4,3404,25.0,9.457,140.4,165.0,260.3,280.0,False,b7688713,32.1924,34.0452
18036797933,2026-04-09 00:00:00,root='Ride',48243.3,5067,34.0,9.521,135.5,164.0,241.2,245.0,False,b7688713,48.243300000000005,34.275600000000004
18044084367,2026-04-09 00:00:00,root='Ride',74049.4,8280,39.0,8.943,124.4,142.0,219.7,220.0,False,b7688713,74.04939999999999,32.1948
18079528464,2026-04-12 00:00:00,root='Ride',106197.0,14659,56.0,7.244,124.7,157.0,171.3,179.0,False,b17244674,106.197,26.0784
18100441665,2026-04-14 00:00:00,root='Ride',48246.9,5306,31.0,9.093,129.5,141.0,226.2,227.0,False,b7688713,48.246900000000004,32.7348
18107397171,2026-04-14 00:00:00,root='Ride',50009.0,5219,31.0,9.582,136.4,163.0,244.8,266.0,False,b7688713,50.009,34.495200000000004
18121074903,2026-04-15 00:00:00,root='Ride',49405.8,5893,93.0,8.384,118.0,139.0,205.3,206.0,False,b7688713,49.405800000000006,30.1824
18136712273,2026-04-16 00:00:00,root='VirtualRide',28579.0,3070,280.0,9.309,120.1,131.0,237.0,237.0,False,b7688713,28.579,33.5124
18155049629,2026-04-18 00:00:00,root='VirtualRide',20524.9,2423,195.0,8.471,130.2,184.0,221.8,277.0,False,b7688713,20.524900000000002,30.4956
18157352848,2026-04-18 00:00:00,root='Ride',33709.9,4676,120.0,7.209,123.8,144.0,167.7,172.0,False,b17244674,33.709900000000005,25.9524
18172382244,2026-04-19 00:00:00,root='Ride',120984.0,14886,193.0,8.127,122.9,152.0,206.1,214.0,False,b7688713,120.984,29.257200000000005
18201521224,2026-04-21 00:00:00,root='Ride',36998.5,5289,221.0,6.995,115.8,141.0,178.6,189.0,False,b17244674,36.9985,25.182000000000002
18207807745,2026-04-22 00:00:00,root='Ride',48224.8,5702,38.0,8.458,131.8,144.0,231.3,231.0,False,b7688713,48.2248,30.448800000000002
18214636691,2026-04-22 00:00:00,root='Ride',45973.1,4471,29.0,10.283,132.6,157.0,248.9,259.0,False,b7688713,45.973099999999995,37.0188
18242087387,2026-04-24 00:00:00,root='VirtualRide',35403.1,3370,54.0,10.505,135.3,167.0,253.4,293.0,False,b7688713,35.4031,37.818000000000005
18266090434,2026-04-26 00:00:00,root='Ride',62795.6,10151,794.0,6.186,122.0,157.0,155.1,178.0,False,b17244674,62.7956,22.2696
18276667800,2026-04-27 00:00:00,root='Ride',58371.0,8659,964.0,6.741,130.0,161.0,191.1,221.0,False,b17244674,58.371,24.267599999999998
18317814330,2026-04-30 00:00:00,root='Ride',24980.2,4373,425.0,5.712,117.2,156.0,171.2,215.0,False,b7688713,24.9802,20.5632
18337436607,2026-05-01 00:00:00,root='Ride',321096.0,47262,3629.0,6.794,126.4,162.0,203.2,230.0,False,b17244674,321.096,24.458399999999997
18403700822,2026-05-06 00:00:00,root='Run',5113.3,1889,33.0,2.707,115.6,131.0,339.4,334.0,False,g28802476,5.113300000000001,9.7452
18416641313,2026-05-07 00:00:00,root='Ride',40018.1,4063,40.0,9.849,137.4,154.0,251.4,257.0,False,b7688713,40.0181,35.4564
18429275335,2026-05-08 00:00:00,root='Ride',32046.6,3832,69.0,8.363,112.7,129.0,192.7,197.0,False,b7688713,32.0466,30.1068
18440650205,2026-05-09 00:00:00,root='Ride',90564.5,10555,92.0,8.58,116.5,146.0,193.2,194.0,False,b7688713,90.5645,30.888
18450545847,2026-05-10 00:00:00,root='Ride',90015.8,10001,66.0,9.001,131.9,154.0,225.2,221.0,False,b7688713,90.0158,32.4036
18481887527,2026-05-12 00:00:00,root='Ride',78053.0,6983,36.0,11.178,145.4,179.0,261.1,275.0,False,b7688713,78.053,40.24080000000001
18504953971,2026-05-14 00:00:00,root='Run',9009.8,2965,25.0,3.039,133.3,147.0,376.4,366.0,False,g25150502,9.009799999999998,10.9404
18514301677,2026-05-15 00:00:00,root='Ride',42476.8,4636,34.0,9.162,134.8,161.0,257.8,269.0,False,b7688713,42.476800000000004,32.983200000000004
18531046776,2026-05-16 00:00:00,root='Ride',58015.9,6639,64.0,8.739,,,203.2,215.0,False,b7688713,58.0159,31.460400000000003
18546552817,2026-05-17 00:00:00,root='VirtualRide',60725.4,5731,91.0,10.596,,,244.7,266.0,False,b7688713,60.7254,38.1456
18586161110,2026-05-20 00:00:00,root='Ride',41980.9,4070,57.0,10.315,141.6,164.0,239.2,245.0,False,b16138567,41.9809,37.134
18598500008,2026-05-21 00:00:00,root='Ride',33478.5,3727,52.0,8.983,118.1,138.0,176.0,183.0,False,b7688713,33.4785,32.338800000000006
18635547401,2026-05-24 00:00:00,root='Ride',94288.8,13826,302.0,6.82,120.3,150.0,177.0,188.0,False,b17244674,94.28880000000001,24.552000000000003
18649843548,2026-05-25 00:00:00,root='Ride',48068.7,5100,44.0,9.425,128.9,161.0,228.7,249.0,False,b7688713,48.0687,33.93000000000001
18662760403,2026-05-26 00:00:00,root='Ride',26171.7,3031,53.0,8.635,124.6,135.0,238.8,238.0,False,b17244674,26.1717,31.086
18702262322,2026-05-29 00:00:00,root='Ride',37126.2,4852,581.0,7.652,132.4,166.0,196.2,222.0,False,b7688713,37.1262,27.5472
18713268369,2026-05-30 00:00:00,root='Ride',5309.1,734,61.0,7.233,116.2,129.0,161.3,186.0,False,b7688713,5.3091,26.0388
18714697790,2026-05-30 00:00:00,root='Ride',164503.0,16668,2089.0,9.869,154.4,181.0,236.5,274.0,False,b7688713,164.503,35.5284
18759218383,2026-06-02 00:00:00,root='Run',6073.8,1993,28.0,3.048,136.2,147.0,375.5,371.0,False,g25150502,6.0738,10.972800000000001
18773135719,2026-06-03 00:00:00,root='Ride',34877.0,3608,,9.667,132.4,155.0,240.5,245.0,True,b7688713,34.877,34.8012
18784493416,2026-06-04 00:00:00,root='Workout',,1553,,,136.1,169.0,,,True,,,
18799574896,2026-06-05 00:00:00,root='Ride',46674.4,4804,,9.716,133.5,148.0,242.7,245.0,True,b7688713,46.6744,34.977599999999995
18807949302,2026-06-06 00:00:00,root='Ride',92491.3,10340,204.0,8.945,128.9,164.0,210.6,218.0,False,b7688713,92.49130000000001,32.202000000000005
18827466217,2026-06-07 00:00:00,root='Ride',40740.4,4601,106.0,8.855,122.9,135.0,224.3,225.0,False,b7688713,40.7404,31.878000000000004
18854088751,2026-06-09 00:00:00,root='Ride',,3618,,,139.3,172.0,257.2,277.0,True,b7688713,,
18869005150,2026-06-10 00:00:00,root='Ride',35518.6,3672,31.0,9.673,135.2,164.0,261.8,278.0,False,b7688713,35.5186,34.8228
18894982378,2026-06-12 00:00:00,root='Ride',49969.1,5507,60.0,9.074,127.3,142.0,209.2,209.0,False,b7688713,49.9691,32.6664
18903853053,2026-06-13 00:00:00,root='Ride',115702.0,12024,127.0,9.623,132.8,164.0,241.4,245.0,False,b7688713,115.702,34.6428
18913565883,2026-06-14 00:00:00,root='Ride',30492.7,3197,28.0,9.538,135.2,166.0,251.0,288.0,False,b7688713,30.4927,34.336800000000004
18921868576,2026-06-14 00:00:00,root='Ride',24770.7,2924,76.0,8.472,113.1,131.0,189.3,197.0,False,b7688713,24.7707,30.4992
18938990623,2026-06-16 00:00:00,root='Ride',48231.0,5439,33.0,8.868,127.6,139.0,227.6,228.0,False,b7688713,48.231,31.9248
18946353949,2026-06-16 00:00:00,root='Ride',57288.6,6373,47.0,8.989,127.9,147.0,226.3,237.0,False,b7688713,57.288599999999995,32.360400000000006
18960190306,2026-06-17 00:00:00,root='WeightTraining',,1419,,,83.6,113.0,,,True,,,
18974669880,2026-06-18 00:00:00,root='Ride',26100.6,2700,,9.667,129.4,141.0,239.0,240.0,True,b7688713,26.1006,34.8012
18985380699,2026-06-19,root='Ride',26985.8,2758,26.0,9.785,144.7,171.0,247.1,270.0,False,b7688713,26.985799999999998,35.226
19012337431,2026-06-21,root='Ride',102261.0,16035,2643.0,6.377,137.2,179.0,206.7,241.0,False,b7688713,102.261,22.9572
